index,category_link
1,https://vneconomy.vn/kinh-te-xanh.htm
2,https://vneconomy.vn/phap-ly-kinh-te-xanh.htm
3,https://vneconomy.vn/chuyen-dong-xanh.htm
4,https://vneconomy.vn/thuong-hieu-xanh.htm
5,https://vneconomy.vn/dien-dan-kinh-te-xanh.htm
6,https://vneconomy.vn/tieu-diem.htm
7,https://vneconomy.vn/tai-chinh.htm
8,https://vneconomy.vn/tai-chinh-ngan-hang.htm
9,https://vneconomy.vn/thi-truong-von-tai-chinh.htm
10,https://vneconomy.vn/thue-tai-chhinh.htm
11,https://vneconomy.vn/bao-hiem-tai-chinh.htm
12,https://vneconomy.vn/chung-khoan.htm
13,https://vneconomy.vn/khung-phap-ly-chung-khoan.htm
14,https://vneconomy.vn/thi-truong-chung-khoan.htm
15,https://vneconomy.vn/dau-tu-chung-khoan.htm
16,https://vneconomy.vn/chung-khoan-quoc-te.htm
17,https://vneconomy.vn/doanh-nghiep-niem-yet.htm
18,https://vneconomy.vn/kinh-te-so.htm
19,https://vneconomy.vn/san-pham-thi-truong-kinh-te-so.htm
20,https://vneconomy.vn/tai-san-so.htm
21,https://vneconomy.vn/dich-vu-so.htm
22,https://vneconomy.vn/start-up.htm
23,https://vneconomy.vn/quan-tri-so.htm
24,https://vneconomy.vn/dau-tu-ha-tang.htm
25,https://vneconomy.vn/dia-oc.htm
26,https://vneconomy.vn/chinh-sach-bat-dong-san.htm
27,https://vneconomy.vn/thi-truong-bat-dong-san.htm
28,https://vneconomy.vn/du-an-bat-dong-san.htm
29,https://vneconomy.vn/cafe-bds.htm
30,https://vneconomy.vn/tu-van-bat-dong-san.htm
31,https://vneconomy.vn/thi-truong.htm
32,https://vneconomy.vn/thi-truong-xuat-nhap-khau.htm
33,https://vneconomy.vn/khung-phap-ly-thi-truong.htm
34,https://vneconomy.vn/thi-truong-cong-nghiep.htm
35,https://vneconomy.vn/kin-te-thi-truong.htm
36,https://vneconomy.vn/thi-truong-nong-san.htm
37,https://vneconomy.vn/kinh-te-the-gioi.htm
38,https://vneconomy.vn/the-gioi-kinh-te.htm
39,https://vneconomy.vn/chuyen-dong-kinh-te-the-gioi-24h.htm
40,https://vneconomy.vn/kinh-doanh-the-gioi.htm
41,https://vneconomy.vn/nhip-cau-doanh-nghiep.htm
42,https://vneconomy.vn/chuyen-dong-doanh-nghiep.htm
43,https://vneconomy.vn/doi-thoai-doanh-nghiep.htm
44,https://vneconomy.vn/ket-noi-doanh-nghiep.htm
45,https://vneconomy.vn/doanh-nhan.htm
46,https://vneconomy.vn/cong-ty-doanh-nghiep.htm
47,https://vneconomy.vn/an-pham.htm
48,https://vneconomy.vn/the-guide.htm
49,https://vneconomy.vn/press.htm
50,https://vneconomy.vn/an-pham-thoi-bao-kinh-te-viet-nam.htm
51,https://vneconomy.vn/an-pham-tu-van-va-tieu-dung.htm
52,https://vneconomy.vn/multimedia.htm
53,https://vneconomy.vn/video.htm
54,https://vneconomy.vn/vnetv.htm
55,https://vneconomy.vn/emagazine.htm
56,https://vneconomy.vn/infographics.htm
57,https://vneconomy.vn/dau-tu.htm
58,https://vneconomy.vn/khung-phap-ly-dau-tu.htm
59,https://vneconomy.vn/dau-tu-du-an.htm
60,https://vneconomy.vn/nha-dau-tu.htm
61,https://vneconomy.vn/ha-tang-dau-tu.htm
62,https://vneconomy.vn/dau-tu-dia-phuong.htm
63,https://vneconomy.vn/tieu-dung.htm
64,https://vneconomy.vn/thi-truong-tieu-dung.htm
65,https://vneconomy.vn/tieu-dung-giai-tri.htm
66,https://vneconomy.vn/tieu-dung-du-lich.htm
67,https://vneconomy.vn/tin-dung.htm
68,https://vneconomy.vn/suc-khoe.htm
69,https://vneconomy.vn/nha-tieu-dung.htm
70,https://vneconomy.vn/dep.htm
71,https://vneconomy.vn/am-thuc-tieu-dung.htm
72,https://vneconomy.vn/cong-nghe-startup.htm
73,https://vneconomy.vn/dan-sinh.htm
74,https://vneconomy.vn/khung-phap-ly-dan-sinh.htm
75,https://vneconomy.vn/bao-hiem-dan-sinh.htm
76,https://vneconomy.vn/nhan-luc.htm
77,https://vneconomy.vn/an-sinh.htm
78,https://vneconomy.vn/y-te-dan-sinh.htm
