index,category_index,paper_link
1,42,https://vneconomy.vn/1-000-doanh-nghiep-to-chuc-tham-gia-thang-khuyen-mai-hai-phong.htm
2,42,https://vneconomy.vn/1-000-ty-de-cai-tao-mo-rong-cang-hang-khong-quoc-te-vinh-nghe-an.htm
3,42,https://vneconomy.vn/10-thang-hai-phong-thu-ngan-sach-hon-96-000-ty-dong.htm
4,42,https://vneconomy.vn/10-thang-hai-quan-hai-phong-thu-ngan-sach-hon-62-345-ty.htm
5,42,https://vneconomy.vn/11-thang-ha-noi-giai-quyet-viec-lam-cho-hon-213-000-lao-dong.htm
6,42,https://vneconomy.vn/17-chuyen-dau-tho-giup-thanh-hoa-thu-ve-hon-6-900-ty-tien-thue.htm
7,42,https://vneconomy.vn/2-quy-dau-nam-quang-ninh-thu-ngan-sach-30-700-ty.htm
8,42,https://vneconomy.vn/2-thang-dau-nam-hai-quan-quang-ninh-thu-ngan-sach-2-346-ty.htm
9,42,https://vneconomy.vn/3-thang-cuoi-nam-thua-thien-hue-can-thu-4-880-ty-de-can-dich-thu-ngan-sach.htm
10,42,https://vneconomy.vn/3-tinh-bac-trung-bo-day-manh-hop-tac-phat-trien-kinh-te-bien.htm
11,42,https://vneconomy.vn/3-tinh-loay-hoay-xu-ly-tai-san-cong-bo-tai-chinh-ra-chi-dao-khan.htm
12,42,https://vneconomy.vn/362-doanh-nghiep-tham-du-trien-lam-may-va-thiet-bi-dong-goi-bao-bi-va-in-an.htm
13,42,https://vneconomy.vn/4-thang-dau-nam-thanh-hoa-giai-phong-duoc-hon-1-000ha-mat-bang.htm
14,42,https://vneconomy.vn/4-thang-hai-phong-thu-ngan-sach-hon-40-000-ty.htm
15,42,https://vneconomy.vn/5-thang-quang-ninh-thu-hut-hon-9-trieu-luot-khach-du-lich.htm
16,42,https://vneconomy.vn/6-thang-bac-ninh-hut-2-8-ty-usd-von-fdi.htm
17,42,https://vneconomy.vn/6-thang-dau-nam-hai-phong-thu-ngan-sach-hon-100-000-ty-dong.htm
18,42,https://vneconomy.vn/73-cong-nhan-bi-ngo-doc-thuc-pham-da-co-ket-qua-kiem-tra-ban-dau-bep-an-cua-cong-ty.htm
19,42,https://vneconomy.vn/80-doanh-nghiep-tich-hop-ai-vao-chuyen-doi-so-va-toi-uu-van-hanh.htm
20,42,https://vneconomy.vn/80-nam-nganh-tai-chinh-viet-nam-vung-buoc-trong-ky-nguyen-moi.htm
21,42,https://vneconomy.vn/9-mat-bang-xen-cu-xen-ket-cua-hiem-tai-tp-thanh-hoa-sap-len-san-dau-gia.htm
22,42,https://vneconomy.vn/90-doanh-nghiep-tai-viet-nam-ky-vong-trien-vong-kinh-te-nam-2024-se-tich-cuc.htm
23,42,https://vneconomy.vn/ai-tai-dinh-hinh-nganh-cong-nghiep-chip.htm
24,42,https://vneconomy.vn/aig-trao-330-suat-hoc-bong-canh-dieu-a-chau-tri-gia-hon-12-ty-dong.htm
25,42,https://vneconomy.vn/ba-ria-vung-tau-sap-co-them-thanh-pho-phu-my.htm
26,42,https://vneconomy.vn/bac-giang-huong-muc-tieu-hut-3-trieu-luot-khach-du-lich.htm
27,42,https://vneconomy.vn/bac-giang-len-top-1-ve-tang-truong-kinh-te-9-thang-dau-nam.htm
28,42,https://vneconomy.vn/bac-giang-muon-co-2-khu-dich-vu-kinh-te-ban-dem.htm
29,42,https://vneconomy.vn/bac-giang-no-luc-de-dap-ung-hon-110-000-lao-dong.htm
30,42,https://vneconomy.vn/bac-giang-san-sang-de-vai-thieu-chinh-phuc-thi-truong-trung-quoc-trong-nam-2024.htm
31,42,https://vneconomy.vn/bac-giang-sap-co-them-2-khu-cong-nghiep-tong-von-dau-tu-hon-3-000-ty.htm
32,42,https://vneconomy.vn/bac-giang-se-de-xuat-cham-dut-du-an-4-000-ty-neu-nha-dau-tu-khong-ky-quy.htm
33,42,https://vneconomy.vn/bac-giang-sot-ruot-vi-thieu-lao-dong-lanh-dao-tinh-xuc-tien-tim-kiem-nhieu-noi.htm
34,42,https://vneconomy.vn/bac-ninh-100-xe-buyt-chuyen-sang-su-dung-dien-vao-nam-2030.htm
35,42,https://vneconomy.vn/bac-ninh-de-nghi-hung-yen-phoi-hop-xu-ly-o-nhiem-dai-thuy-nong-bac-hung-hai.htm
36,42,https://vneconomy.vn/bac-ninh-khoi-cong-xay-dung-san-bay-hon-4-000-ty.htm
37,42,https://vneconomy.vn/bac-ninh-ra-toi-hau-thu-voi-hang-loat-co-so-san-xuat-gay-o-nhiem-moi-truong.htm
38,42,https://vneconomy.vn/bac-ninh-ra-van-ban-hoa-toc-thuc-tham-dinh-phe-duyet-du-an-thanh-phan-san-bay-gia-binh.htm
39,42,https://vneconomy.vn/bac-ninh-sap-co-them-du-an-nha-o-xa-hoi-von-dau-tu-hon-563-ty-dong.htm
40,42,https://vneconomy.vn/bac-ninh-tang-toc-vao-duong-dua-ban-dan.htm
41,42,https://vneconomy.vn/bac-ninh-tim-giai-phap-thao-go-kho-khan-cho-cac-nha-may-dien-rac.htm
42,42,https://vneconomy.vn/bac-ninh-xu-phat-nang-mot-co-so-san-xuat-chui.htm
43,42,https://vneconomy.vn/bac-ninh-yeu-cau-bao-cao-chi-tiet-ket-qua-kiem-tra-xu-ly-o-3-diem-den-o-nhiem.htm
44,42,https://vneconomy.vn/bac-trung-bo-va-duyen-hai-mien-trung-se-di-dau-ca-nuoc-ve-kinh-te-bien.htm
45,42,https://vneconomy.vn/ban-hanh-danh-muc-linh-vuc-co-so-phat-thai-khi-nha-kinh-phai-thuc-hien-kiem-ke-khi-nha-kinh.htm
46,42,https://vneconomy.vn/bang-hoang-sau-con-lu-du.htm
47,42,https://vneconomy.vn/bang-vang-nhung-doanh-nghiep-nop-ngan-sach-nhieu-nhat-tinh-nghe-an.htm
48,42,https://vneconomy.vn/banh-chung-xanh-tet-an-lanh-tai-lang-chai-len-can.htm
49,42,https://vneconomy.vn/bao-chi-sat-canh-cung-su-phat-trien-cua-thanh-pho-hai-phong.htm
50,42,https://vneconomy.vn/bao-chi-va-doanh-nghiep-dang-ngay-cang-xich-lai-gan-nhau-hon.htm
51,42,https://vneconomy.vn/bao-so-1-gay-mua-ky-luc-tai-mien-trung-hon-22-000ha-lua-hoa-mau-ngap-sau.htm
52,42,https://vneconomy.vn/bat-giu-nhieu-doi-tuong-lua-dao-chiem-doat-tai-san.htm
53,42,https://vneconomy.vn/bat-giu-o-nhom-lua-dao-xuyen-quoc-gia-duoi-hinh-thuc-dau-tu-tien-dien-tu.htm
54,42,https://vneconomy.vn/bat-giu-va-xu-ly-146-678-vu-vi-pham-lien-quan-den-buon-lau-gian-lan-thuong-mai-va-hang-gia.htm
55,42,https://vneconomy.vn/bi-kip-de-nghe-an-but-pha-trong-thu-hut-von-fdi.htm
56,42,https://vneconomy.vn/bi-thu-thanh-hoa-lam-pho-ban-to-chuc-trung-uong.htm
57,42,https://vneconomy.vn/bien-phong-hai-phong-tang-cuong-phong-chong-buon-lau-dip-cuoi-nam.htm
58,42,https://vneconomy.vn/binh-dinh-quyet-liet-thuc-tien-do-boi-thuong-giai-phong-mat-bang-tai-dinh-cu-du-an-cao-toc-bac-nam.htm
59,42,https://vneconomy.vn/binh-dinh-quyet-tam-ban-giao-100-sach-cho-du-an-cao-toc-bac-nam-trong-nam-2023.htm
60,42,https://vneconomy.vn/binh-duong-cam-ket-day-nhanh-tien-do-cac-du-an-trong-diem.htm
61,42,https://vneconomy.vn/binh-duong-cong-bo-4-dich-vu-cong-truc-tuyen-trong-linh-vuc-dau-tu.htm
62,42,https://vneconomy.vn/binh-duong-dat-muc-tieu-phat-trien-nhieu-khu-cong-nghiep-xanh.htm
63,42,https://vneconomy.vn/binh-duong-muon-thu-hut-khoang-130-140-du-an-vao-cac-khu-cong-nghiep.htm
64,42,https://vneconomy.vn/binh-duong-phat-dong-50-ngay-dem-cao-diem-giai-ngan-von-dau-tu-cong.htm
65,42,https://vneconomy.vn/binh-duong-vuot-kho-hoan-thanh-nhieu-chi-tieu-kinh-te-nam-2023.htm
66,42,https://vneconomy.vn/binh-duong-xuc-tien-thanh-lap-khu-cong-nghe-cao-rong-220-hecta-don-doanh-nghiep-ban-dan.htm
67,42,https://vneconomy.vn/binh-thuan-cong-bo-quy-hoach-sap-xep-lai-khong-gian-phat-trien.htm
68,42,https://vneconomy.vn/binh-thuan-ho-tro-phi-dich-vu-ve-tinh-giam-sat-hanh-trinh-cho-hang-ngan-tau-ca.htm
69,42,https://vneconomy.vn/binh-thuan-len-ke-hoach-khai-thac-2-121ha-dat.htm
70,42,https://vneconomy.vn/binh-thuan-sot-ruot-vi-cham-giai-ngan-von-dau-tu-cong.htm
71,42,https://vneconomy.vn/binh-thuan-thuc-tien-do-du-an-ho-chua-nuoc-gan-900-ty.htm
72,42,https://vneconomy.vn/bizchatai-tro-ly-ao-cho-chuoi-fb-mua-cao-diem.htm
73,42,https://vneconomy.vn/bo-ke-hoach-va-dau-tu-dang-soan-thao-nghi-dinh-moi-ve-dang-ky-doanh-nghiep.htm
74,42,https://vneconomy.vn/bo-sung-quy-hoach-khu-do-thi-1-350-ha-phia-tay-thanh-pho-thanh-hoa.htm
75,42,https://vneconomy.vn/bo-tai-chinh-de-xuat-goi-ho-tro-kep-cho-ho-kinh-doanh.htm
76,42,https://vneconomy.vn/bo-xay-dung-lai-nhac-4-tinh-som-giao-mat-bang-xay-tram-dung-nghi-cao-toc.htm
77,42,https://vneconomy.vn/bon-nguyen-nhan-khien-cac-du-an-giao-thong-tai-thanh-hoa-gap-kho.htm
78,42,https://vneconomy.vn/buoc-vao-dot-mua-lon-ninh-binh-thanh-hoa-nghe-an-chu-dong-ung-pho-voi-lu.htm
79,42,https://vneconomy.vn/buon-lau-tang-nhiet-nhieu-tinh-giap-bien-tang-cuong-ngan-chan.htm
80,42,https://vneconomy.vn/cac-cong-ty-lam-nghiep-tai-quang-ninh-gap-rat-nhieu-thach-thuc-hau-bao-yagi.htm
81,42,https://vneconomy.vn/cac-cua-khau-viet-nam-trung-quoc-keo-dai-thoi-gian-lam-viec-tao-thuan-loi-cho-xuat-khau-nong-san.htm
82,42,https://vneconomy.vn/cac-de-an-du-lich-giai-tri-trong-rung-dac-dung-tai-ba-ria-vung-tau-dang-duoc-thuc-hien-the-nao.htm
83,42,https://vneconomy.vn/cac-doanh-nghiep-hang-dau-trung-quoc-rat-coi-trong-thi-truong-viet-nam.htm
84,42,https://vneconomy.vn/cac-doanh-nghiep-tai-nghe-an-muon-tuyen-dung-hon-12-000-lao-dong.htm
85,42,https://vneconomy.vn/cac-du-an-giao-thong-trong-diem-cua-binh-duong-dang-duoc-trien-khai-nhu-the-nao.htm
86,42,https://vneconomy.vn/cac-du-an-truyen-tai-giai-toa-cong-suat-cho-nha-may-dien-nhon-trach-3-4-gap-kho.htm
87,42,https://vneconomy.vn/can-canh-cay-cau-vuot-can-va-song-dai-nhat-thanh-hoa.htm
88,42,https://vneconomy.vn/can-canh-du-an-hang-tram-ty-dong-vua-bi-thu-hoi-tai-thanh-hoa.htm
89,42,https://vneconomy.vn/can-canh-du-an-hon-3-500-ty-dong-bat-dong-do-doi-von.htm
90,42,https://vneconomy.vn/can-canh-du-an-hon-tram-ty-bat-dong-tren-dat-vang-thanh-hoa.htm
91,42,https://vneconomy.vn/can-canh-nghe-lam-non-la-tai-thanh-hoa.htm
92,42,https://vneconomy.vn/can-canh-tong-kho-cung-cap-phuong-tien-dua-ong-cong-ong-tao-ve-troi.htm
93,42,https://vneconomy.vn/can-hon-34-500-ty-dong-de-nang-cap-cang-bien-quang-ninh.htm
94,42,https://vneconomy.vn/can-thay-doi-manh-me-mo-hinh-hop-tac-xa-de-dap-ung-tinh-hinh-moi.htm
95,42,https://vneconomy.vn/can-xay-dung-kho-du-lieu-dung-chung-cho-cac-doanh-nghiep-bao-hiem-xe-co-gioi.htm
96,42,https://vneconomy.vn/cang-bien-nha-trang-cam-ranh-va-phan-thiet-duoc-quy-hoach-cau-cang-don-du-thuyen.htm
97,42,https://vneconomy.vn/cang-hai-phong-ky-vong-tang-truong-doanh-thu-dip-cuoi-nam.htm
98,42,https://vneconomy.vn/cang-hai-phong-tang-truong-manh-thu-hut-nhieu-nha-dau-tu-lon.htm
99,42,https://vneconomy.vn/cang-sai-gon-hiep-phuoc-duoc-thi-diem-don-tau-khach-du-lich-quoc-te.htm
100,42,https://vneconomy.vn/canh-bao-doanh-nghiep-than-trong-truoc-cac-chieu-lua-dao-khi-xuat-khau-nong-san-sang-trung-quoc.htm
101,42,https://vneconomy.vn/canh-giac-voi-thu-doan-gia-danh-can-bo-bao-hiem-xa-hoi-de-lua-dao-tai-thanh-hoa.htm
102,42,https://vneconomy.vn/cao-bang-quyet-tam-giai-phong-mat-bang-du-an-cao-toc-dong-dang-tra-linh-trong-100-ngay-dem.htm
103,42,https://vneconomy.vn/cap-nhat-tien-do-dau-tu-ha-tang-cac-du-an-khu-cong-nghiep-tai-thanh-hoa.htm
104,42,https://vneconomy.vn/cap-nhat-tien-do-thuc-hien-13-du-an-van-hoa-von-dau-tu-hon-2-585-ty-tai-thanh-hoa.htm
105,42,https://vneconomy.vn/cham-lo-cho-nguoi-lao-dong-se-tao-ra-suc-manh-noi-luc-cua-doanh-nghiep.htm
106,42,https://vneconomy.vn/chat-van-nhieu-van-de-nong-lien-quan-den-doanh-nghiep-du-an-bat-dong-san-tai-bac-giang.htm
107,42,https://vneconomy.vn/chi-cuc-thue-khu-vuc-3-thu-ngan-sach-dat-hon-38-000-ty.htm
108,42,https://vneconomy.vn/chien-luoc-xay-dung-khu-kinh-te-thuong-mai-xuyen-bien-gioi-chung-lao-bao-densavan.htm
109,42,https://vneconomy.vn/chinh-phu-de-xuat-cho-phep-hai-phong-duoc-ban-hon-4-100-can-chung-cu-cong.htm
110,42,https://vneconomy.vn/chinh-thuc-chot-phuong-an-dau-gia-205-lo-dat-vang-trung-tam-thanh-pho-thanh-hoa.htm
111,42,https://vneconomy.vn/chinh-thuc-don-xe-thong-tuyen-trung-tam-logistics-quoc-te-bac-giang.htm
112,42,https://vneconomy.vn/chinh-thuc-khai-truong-tuyen-van-tai-container-giua-vung-ang-voi-hai-phong.htm
113,42,https://vneconomy.vn/chinh-thuc-thanh-lap-hai-phong-moi.htm
114,42,https://vneconomy.vn/chinh-thuc-thong-xe-cau-ben-rung-gan-2-000-ty-dong-ket-noi-hai-phong-quang-ninh.htm
115,42,https://vneconomy.vn/chot-dia-diem-xay-tram-dung-nghi-cao-toc-bac-nam-doan-quoc-lo-45-nghi-son.htm
116,42,https://vneconomy.vn/chot-ngay-khoi-cong-du-an-khu-cong-nghiep-hon-1-300-ty-dong-tai-thanh-hoa.htm
117,42,https://vneconomy.vn/chua-den-he-sam-son-da-don-gan-1-trieu-du-khach.htm
118,42,https://vneconomy.vn/chuyen-doi-logistics-xanh-trong-thuong-mai-dien-tu-vap-phai-4-thach-thuc.htm
119,42,https://vneconomy.vn/chuyen-doi-xanh-khong-con-la-cuoc-choi-cua-rieng-cac-ong-lon.htm
120,42,https://vneconomy.vn/chuyen-gia-nha-quan-ly-neu-du-cam-ve-kinh-te-viet-nam-nam-2024.htm
121,42,https://vneconomy.vn/co-che-giai-quyet-tranh-chap-trong-thu-hut-dau-tu-nuoc-ngoai.htm
122,42,https://vneconomy.vn/co-hoi-viec-lam-cho-hang-nghin-lao-dong-tai-ha-tinh-thanh-hoa.htm
123,42,https://vneconomy.vn/cong-bo-de-an-nghien-cuu-ve-luong-gia-gia-tri-kinh-te-quan-the-danh-thang-trang-an.htm
124,42,https://vneconomy.vn/cong-khai-danh-tinh-nhieu-doanh-nghiep-no-thue-khung-tai-nghe-an.htm
125,42,https://vneconomy.vn/cong-khai-danh-tinh-nhung-doanh-nghiep-no-thue-lon-nhat-tai-thanh-hoa-901631.htm
126,42,https://vneconomy.vn/cong-khai-danh-tinh-nhung-doanh-nghiep-no-thue-lon-nhat-tai-thanh-hoa.htm
127,42,https://vneconomy.vn/cong-nghiep-ha-tinh-kho-chong-them-kho.htm
128,42,https://vneconomy.vn/cong-nghiep-khong-khoi-cua-thua-thien-hue-tang-truong-tot.htm
129,42,https://vneconomy.vn/cong-nghiep-khong-khoi-la-dong-luc-tang-truong-cua-ninh-binh.htm
130,42,https://vneconomy.vn/cong-nghiep-tphcm-tang-toc-sau-hop-nhat-iip-7-thang-tang-gan-6.htm
131,42,https://vneconomy.vn/cong-ty-duong-sat-ha-noi-van-chuyen-tuyet-doi-an-toan-4-78-trieu-luot-khach.htm
132,42,https://vneconomy.vn/cong-ty-formosa-no-gan-28-ty-tien-nuoc-nhieu-doanh-nghiep-va-lay.htm
133,42,https://vneconomy.vn/crm-no-codeai-xu-huong-nang-cap-van-hanh-danh-cho-doanh-nghiep-viet-nam.htm
134,42,https://vneconomy.vn/cuoc-dua-tang-hang-nang-luc-canh-tranh-tai-thanh-hoa.htm
135,42,https://vneconomy.vn/da-chon-duoc-huong-tuyen-phu-hop-nhat-keo-dien-ra-con-dao.htm
136,42,https://vneconomy.vn/da-dang-sinh-hoc-vang-rong-cua-thanh-hoa-tren-ban-do-du-lich-viet.htm
137,42,https://vneconomy.vn/da-den-luc-ket-thuc-nhung-chuyen-tau-xuyen-tam-ha-noi.htm
138,42,https://vneconomy.vn/da-nang-tim-cach-go-kho-cho-doanh-nghiep-san-xuat-xuat-khau-va-logistics.htm
139,42,https://vneconomy.vn/danh-tinh-chu-dau-moi-du-an-khu-cong-nghiep-nghin-ty-tai-khu-kinh-te-nghi-son.htm
140,42,https://vneconomy.vn/dau-nam-khach-quoc-te-den-hue-tang-manh.htm
141,42,https://vneconomy.vn/dau-nam-kinh-te-ninh-binh-tang-truong-nhe.htm
142,42,https://vneconomy.vn/dau-tu-gan-160-000-ty-xay-dung-thanh-pho-thanh-hoa-thanh-do-thi-dang-song.htm
143,42,https://vneconomy.vn/dau-tu-ha-tang-cac-cum-cong-nghiep-i-ach-lam-nong-nghi-truong-thanh-hoa.htm
144,42,https://vneconomy.vn/dau-tu-hon-15-000-ty-xay-dung-cung-duong-tay-tien-noi-tay-bac-voi-xu-thanh.htm
145,42,https://vneconomy.vn/day-manh-hop-tac-kinh-te-giua-lao-cai-ha-noi-hai-phong-quang-ninh-viet-nam-va-van-nam-trung-quoc.htm
146,42,https://vneconomy.vn/day-manh-ket-noi-tieu-thu-san-pham-mien-nui-vung-sau-vung-xa-va-hai-dao.htm
147,42,https://vneconomy.vn/day-nhanh-tien-do-du-an-cao-toc-van-ninh-cam-lo.htm
148,42,https://vneconomy.vn/de-thuong-mai-hien-dai-dan-dat-thi-truong.htm
149,42,https://vneconomy.vn/de-vuon-tam-quoc-te-doanh-nghiep-viet-chi-biet-phong-thu-la-chua-du.htm
150,42,https://vneconomy.vn/de-xuat-dieu-chinh-vach-son-phan-lan-tai-cao-toc-cam-lo-la-son.htm
151,42,https://vneconomy.vn/de-xuat-nang-muc-ho-tro-chi-phi-rd-cua-doanh-nghiep-len-den-75.htm
152,42,https://vneconomy.vn/den-nam-2030-100-co-quan-doanh-nghiep-nha-nuoc-su-dung-cac-dich-vu-dien-toan-dam-may.htm
153,42,https://vneconomy.vn/di-dong-viet-tien-phong-van-hanh-brandshop-chinh-hang-cua-bear-tai-viet-nam.htm
154,42,https://vneconomy.vn/di-san-the-gioi-thu-chin-o-viet-nam-duoc-unesco-cong-nhan.htm
155,42,https://vneconomy.vn/diem-ten-10-du-an-su-dung-dat-cham-tien-do-tai-quang-binh.htm
156,42,https://vneconomy.vn/diem-ten-nhieu-co-quan-don-vi-tai-nghe-an-chua-giai-ngan-von-dau-tu-cong.htm
157,42,https://vneconomy.vn/diem-ten-nhung-du-an-nghin-ty-sap-khoi-cong-tai-hue.htm
158,42,https://vneconomy.vn/diem-tru-cua-du-lich-ha-noi.htm
159,42,https://vneconomy.vn/dien-dan-kinh-te-viet-nam-2025-gop-canh-en-nho-de-lam-nen-mua-xuan.htm
160,42,https://vneconomy.vn/dien-mao-moi-cua-sieu-do-thi-hai-phong-sau-sap-nhap-voi-hai-duong.htm
161,42,https://vneconomy.vn/dieu-chinh-chu-truong-dau-tu-sieu-du-an-52-000-ty-tai-quang-binh.htm
162,42,https://vneconomy.vn/dieu-chinh-quy-hoach-de-thao-go-diem-nghen-khai-thong-tiem-nang-cho-tam-diep.htm
163,42,https://vneconomy.vn/doanh-nghiep-2-thanh-pho-da-nang-va-deagu-mo-rong-hop-tac.htm
164,42,https://vneconomy.vn/doanh-nghiep-bac-giang-than-tho-nhieu-van-de.htm
165,42,https://vneconomy.vn/doanh-nghiep-ban-giai-phap-huong-toi-nen-kinh-te-tuan-hoan.htm
166,42,https://vneconomy.vn/doanh-nghiep-bao-hiem-xe-co-gioi-doc-suc-trong-cuoc-dua-cong-nghe-ai.htm
167,42,https://vneconomy.vn/doanh-nghiep-can-dien-on-dinh-gia-hop-ly-chua-mong-cau-gia-re.htm
168,42,https://vneconomy.vn/doanh-nghiep-de-xuat-lam-du-an-thuy-dien-quang-tri-mo-rong-von-dau-tu-867-ty.htm
169,42,https://vneconomy.vn/doanh-nghiep-de-xuat-xay-dung-to-hop-do-thi-san-bay-rong-3-400ha-tai-quang-tri.htm
170,42,https://vneconomy.vn/doanh-nghiep-doanh-nhan-la-chu-the-va-dong-luc-kien-tao-su-thay-doi-va-phat-trien-moi.htm
171,42,https://vneconomy.vn/doanh-nghiep-doi-mat-voi-ap-luc-kep-trong-chuyen-doi-xanh.htm
172,42,https://vneconomy.vn/doanh-nghiep-fdi-tri-an-13-000-nguoi-lao-dong-viet-nam.htm
173,42,https://vneconomy.vn/doanh-nghiep-go-binh-dinh-dat-muc-tieu-xuat-khau-dat-1-2-ty-usd-trong-nam-moi.htm
174,42,https://vneconomy.vn/doanh-nghiep-ha-noi-cung-cap-19-500-tan-thit-lon-5-400-tan-thit-bo-phuc-vu-tet.htm
175,42,https://vneconomy.vn/doanh-nghiep-han-quoc-muon-xay-dung-khu-cong-nghiep-500-ha-tai-binh-dinh.htm
176,42,https://vneconomy.vn/doanh-nghiep-hue-chu-dong-ung-pho-chinh-sach-thue-doi-ung-cua-hoa-ky.htm
177,42,https://vneconomy.vn/doanh-nghiep-kho-khan-nguoi-dan-lo-sot-vo-vi-cay-thoat-ngheo-tac-dau-ra.htm
178,42,https://vneconomy.vn/doanh-nghiep-khoang-san-tai-lao-cai-chua-lai-suc-sau-sieu-bao.htm
179,42,https://vneconomy.vn/doanh-nghiep-kien-nghi-quang-tri-thao-go-vuong-mac-cho-nhieu-du-an.htm
180,42,https://vneconomy.vn/doanh-nghiep-la-diem-tua-cho-hanh-trinh-vuon-minh-cua-tp-hcm.htm
181,42,https://vneconomy.vn/doanh-nghiep-logistics-hoi-phuc-nhanh-chong-sau-sieu-bao-yagi.htm
182,42,https://vneconomy.vn/doanh-nghiep-lon-chung-tay-xanh-hoa-viet-nam.htm
183,42,https://vneconomy.vn/doanh-nghiep-lon-cua-trung-quoc-tham-gia-xay-dung-cau-tu-lien-ha-noi.htm
184,42,https://vneconomy.vn/doanh-nghiep-quang-binh-kien-nghi-giai-quyet-nhieu-van-de-nong.htm
185,42,https://vneconomy.vn/doanh-nghiep-quang-ninh-du-tru-hang-hoa-tet-tri-gia-gan-1-300-ty.htm
186,42,https://vneconomy.vn/doanh-nghiep-tai-nghe-an-chat-vat-tuyen-cong-nhan-ky-su.htm
187,42,https://vneconomy.vn/doanh-nghiep-tai-nghe-an-doi-nhan-su-chat-luong-cao.htm
188,42,https://vneconomy.vn/doanh-nghiep-tai-nghe-an-kien-nghi-loat-van-de-nong.htm
189,42,https://vneconomy.vn/doanh-nghiep-tai-thanh-hoa-thuong-tet-nguyen-dan-cao-nhat-hon-400-trieu.htm
190,42,https://vneconomy.vn/doanh-nghiep-tam-dung-hoat-dong-tai-quang-tri-tang-manh.htm
191,42,https://vneconomy.vn/doanh-nghiep-than-phien-nhieu-van-de-tai-khu-cong-nghe-cao-hoa-lac-cua-ha-noi.htm
192,42,https://vneconomy.vn/doanh-nghiep-thu-cong-my-nghe-ngu-dong-de-cho-thoi.htm
193,42,https://vneconomy.vn/doanh-nghiep-trung-dau-gia-khu-dat-gan-600-ty-tai-binh-dinh.htm
194,42,https://vneconomy.vn/doanh-nghiep-tung-nop-thue-cao-nhat-tinh-nghe-an-nay-doi-so-no-thue.htm
195,42,https://vneconomy.vn/doanh-nghiep-xang-dau-e-ngai-ganh-nang-chi-phi-khi-xuat-hoa-don-dien-tu-ban-le.htm
196,42,https://vneconomy.vn/doanh-thu-tu-cong-nghiep-khong-khoi-cua-quang-binh-tang-cao.htm
197,42,https://vneconomy.vn/don-hang-cai-thien-doanh-nghiep-det-may-thanh-hoa-linh-hoat-de-vuot-bao.htm
198,42,https://vneconomy.vn/don-hang-deu-tay-doanh-nghiep-may-mac-rao-riet-tuyen-lao-dong.htm
199,42,https://vneconomy.vn/dong-bang-song-cuu-long-hut-gan-45-trieu-khach-thu-hon-45-700-ty.htm
200,42,https://vneconomy.vn/dong-dien-thanh-cong-tram-bien-ap-san-bay-long-thanh-dong-nai.htm
201,42,https://vneconomy.vn/dong-nai-can-hang-trieu-m3-dat-da-de-thi-cong-cac-sieu-du-an.htm
202,42,https://vneconomy.vn/dong-nai-doc-thuc-du-an-2-300-ty.htm
203,42,https://vneconomy.vn/dong-nai-ra-toi-hau-thu-cho-tong-cong-ty-tin-nghia.htm
204,42,https://vneconomy.vn/dong-nai-se-ky-luat-xa-phuong-chua-giao-du-mat-bang-du-an-cao-toc-bien-hoa-vung-tau.htm
205,42,https://vneconomy.vn/dong-nai-sot-ruot-vi-mat-bang-2-du-an-giao-thong-trong-diem-quoc-gia.htm
206,42,https://vneconomy.vn/dong-tau-hai-phong-lien-tuc-chot-don.htm
207,42,https://vneconomy.vn/dong-tho-du-an-55-trieu-usd-tai-hai-phong.htm
208,42,https://vneconomy.vn/dong-von-dau-tu-chay-manh-vao-vung-ven-bien-thanh-hoa.htm
209,42,https://vneconomy.vn/du-an-bang-tai-dua-than-tu-lao-ve-viet-nam-gap-nhieu-kho-khan.htm
210,42,https://vneconomy.vn/du-an-dien-nhon-trach-3-4-dung-truoc-nguy-co-bi-cac-to-chuc-tin-dung-nuoc-ngoai-dung-giai-ngan.htm
211,42,https://vneconomy.vn/du-an-dien-rac-2-300-ty-tai-dong-nai-van-bat-dong.htm
212,42,https://vneconomy.vn/du-an-duong-tranh-phia-dong-thanh-pho-dong-ha-vuong-o-dau.htm
213,42,https://vneconomy.vn/du-an-gan-1-500-ty-chi-khoi-dong-roi-bat-dong-suot-hon-mot-thap-nien.htm
214,42,https://vneconomy.vn/du-an-gan-120-ty-dang-do-giua-long-thanh-pho-thanh-hoa.htm
215,42,https://vneconomy.vn/du-an-ho-chua-nuoc-hon-4-000-ty-tai-hoa-binh-cham-tien-do.htm
216,42,https://vneconomy.vn/du-an-hon-400-ty-tai-thanh-hoa-bat-dong.htm
217,42,https://vneconomy.vn/du-an-ket-noi-giao-thong-hai-phong-quang-ninh-khong-thieu-von-chi-lo-thieu-mat-bang-sach.htm
218,42,https://vneconomy.vn/du-an-khu-cong-nghiep-vsip-ii-tai-quang-ngai-dang-gap-kho-khan-vuong-mac-gi.htm
219,42,https://vneconomy.vn/du-an-mo-rong-nha-may-bia-phu-bai-cua-carlsberg-viet-nam-sap-van-hanh.htm
220,42,https://vneconomy.vn/du-an-nha-may-bot-giay-gan-10-000-ty-tai-quang-tri-gap-kho.htm
221,42,https://vneconomy.vn/du-lich-hai-phong-thu-520-ty-dong-dip-nghi-le.htm
222,42,https://vneconomy.vn/du-lich-hue-but-toc-tang-gan-63.htm
223,42,https://vneconomy.vn/du-lich-hue-thu-hut-gan-1-5-trieu-luot-khach.htm
224,42,https://vneconomy.vn/du-lich-ninh-binh-can-dich-da-don-gan-7-7-trieu-luot-du-khach.htm
225,42,https://vneconomy.vn/du-lich-ninh-binh-thu-hon-2-500-ty-trong-2-thang.htm
226,42,https://vneconomy.vn/du-lich-quang-ninh-huong-toi-muc-tieu-don-8-trieu-khach-quoc-te-trong-mot-nam.htm
227,42,https://vneconomy.vn/du-lich-quang-ninh-thu-gan-33-480-ty.htm
228,42,https://vneconomy.vn/du-lich-quang-ninh-thu-hon-10-000-ty.htm
229,42,https://vneconomy.vn/du-lich-thanh-hoa-thu-gan-590-ty-trong-7-ngay-tet.htm
230,42,https://vneconomy.vn/du-lich-thua-thien-hue-dat-muc-tieu-thu-tren-11-000-ty-dong.htm
231,42,https://vneconomy.vn/du-lich-va-xuat-khau-the-manh-tang-truong-cua-thanh-pho-hue.htm
232,42,https://vneconomy.vn/dua-yen-sao-viet-nam-chinh-phuc-the-gioi.htm
233,42,https://vneconomy.vn/duong-day-500kv-mach-3-doan-quynh-luu-thanh-hoa-vua-dong-dien.htm
234,42,https://vneconomy.vn/duy-tri-chinh-sach-co-loi-cho-doanh-nghiep-nguoi-dan-khi-sap-nhap-hai-phong-hai-duong.htm
235,42,https://vneconomy.vn/formosa-gap-kho-ha-tinh-giam-nguon-thu.htm
236,42,https://vneconomy.vn/formosa-gap-kho-ha-tinh-hut-thu.htm
237,42,https://vneconomy.vn/g-group-saigontel-ky-ket-hop-tac-chien-luoc-voi-zup-va-ktnf-phat-trien-he-sinh-thai-trung-tam-du-lieu-va-nen-tang-may-chu-tai-viet-nam.htm
238,42,https://vneconomy.vn/gan-1-432-ty-dong-no-thue-tai-quang-tri-hon-90-doanh-nghiep-bi-diem-ten.htm
239,42,https://vneconomy.vn/gan-11-000-ty-rot-vao-khu-kinh-te-nghi-son-va-cac-khu-cong-nghiep-tinh-thanh-hoa.htm
240,42,https://vneconomy.vn/gan-260-000-ty-dang-ky-dau-tu-vao-thanh-hoa-tu-nam-2020-den-nay-duoc-trien-khai-the-nao.htm
241,42,https://vneconomy.vn/gan-35-700-ty-dong-dau-tu-134-du-an-cong-trinh-giao-thong-tai-thanh-hoa.htm
242,42,https://vneconomy.vn/gan-385-trieu-usd-kim-ngach-thuong-mai-bien-gioi-thanh-hoa-hua-phan.htm
243,42,https://vneconomy.vn/gan-40-000-ty-von-dau-tu-phat-trien-ha-tang-cang-nghi-son.htm
244,42,https://vneconomy.vn/gan-940-ty-len-doi-cang-vung-ang.htm
245,42,https://vneconomy.vn/gia-lai-sap-hoan-thanh-tuyen-duong-1-200-ty.htm
246,42,https://vneconomy.vn/gia-tri-xuat-khau-cua-thanh-hoa-co-muc-tang-cao-nhat-trong-4-nam-qua.htm
247,42,https://vneconomy.vn/giam-sat-tai-chinh-dac-biet-cong-ty-xo-so-kien-thiet-ha-tinh.htm
248,42,https://vneconomy.vn/giao-thuong-bien-mau-phia-bac-tiep-tuc-duy-tri-da-tang-truong.htm
249,42,https://vneconomy.vn/giao-thuong-bien-mau-phia-bac-tiep-tuc-tang.htm
250,42,https://vneconomy.vn/giao-thuong-bien-mau-viet-trung-tiep-tuc-da-tang-truong.htm
251,42,https://vneconomy.vn/giao-thuong-tai-cac-cap-cua-khau-viet-trung-on-dinh-sau-sieu-bao-yagi.htm
252,42,https://vneconomy.vn/gioi-thieu-xuc-tien-du-lich-da-nang-tai-ahmedabad-an-do.htm
253,42,https://vneconomy.vn/go-kho-cho-doanh-nghiep-tu-nhan-quang-tri.htm
254,42,https://vneconomy.vn/go-nut-that-tao-da-thuc-day-doanh-nghiep-nho-va-vua-but-pha.htm
255,42,https://vneconomy.vn/go-vuong-mat-bang-quang-tri-quyet-hoan-thanh-du-an-ven-bien-dung-tien-do.htm
256,42,https://vneconomy.vn/ha-giang-cong-bo-quy-hoach-huong-toi-phat-trien-xanh-ban-sac-ben-vung-va-toan-dien.htm
257,42,https://vneconomy.vn/ha-noi-ban-giai-phap-go-kho-cho-cac-doanh-nghiep-tai-nhieu-lang-nghe.htm
258,42,https://vneconomy.vn/ha-noi-cho-phep-kinh-doanh-mot-so-dich-vu-tren-mat-nuoc-ho-tay.htm
259,42,https://vneconomy.vn/ha-noi-chon-duoc-2-doanh-nghiep-tham-gia-nghien-cuu-xay-dung-2-du-an-trong-diem-co-tong-von-hon-85-000-ty.htm
260,42,https://vneconomy.vn/ha-noi-co-them-cum-cong-nghiep-hon-1-000-ty.htm
261,42,https://vneconomy.vn/ha-noi-co-them-du-an-khu-cong-nghiep-tong-von-gan-3-000-ty.htm
262,42,https://vneconomy.vn/ha-noi-con-506-du-an-chua-giai-ngan-het-von.htm
263,42,https://vneconomy.vn/ha-noi-khen-thuong-200-doanh-nghiep-nguoi-dan-nop-thue-deu-va-du.htm
264,42,https://vneconomy.vn/ha-noi-khoi-cong-2-cum-cong-nghiep-tung-buoc-dua-hon-1-000-co-so-vao-san-xuat-tap-trung.htm
265,42,https://vneconomy.vn/ha-noi-muon-xanh-hoa-100-xe-buyt.htm
266,42,https://vneconomy.vn/ha-noi-quyet-liet-day-nhanh-tien-do-cac-du-an-trong-diem-cua-thanh-pho.htm
267,42,https://vneconomy.vn/ha-noi-thu-hut-1-4-ty-usd-von-fdi-trong-quy-1-2025.htm
268,42,https://vneconomy.vn/ha-noi-to-chuc-hang-loat-hoi-nghi-doi-thoai-de-go-kho-cho-doanh-nghiep.htm
269,42,https://vneconomy.vn/ha-tang-va-nang-luong-xanh-2-tru-cot-hoat-dong-moi-cua-vingroup.htm
270,42,https://vneconomy.vn/ha-tinh-cong-khai-550-don-vi-no-569-ty-dong-tien-thue.htm
271,42,https://vneconomy.vn/ha-tinh-dat-muc-tieu-moi-nam-trong-moi-8-000-ha-rung.htm
272,42,https://vneconomy.vn/ha-tinh-giai-quyet-viec-lam-cho-23-500-lao-dong.htm
273,42,https://vneconomy.vn/ha-tinh-kiem-tra-moi-truong-26-don-vi.htm
274,42,https://vneconomy.vn/ha-tinh-phan-bo-25-ty-dong-dau-tu-cac-cong-trinh-nuoc-sach-nong-thon.htm
275,42,https://vneconomy.vn/ha-tinh-phe-binh-chu-dau-tu-du-an-mo-rong-cang-ca-thach-kim.htm
276,42,https://vneconomy.vn/ha-tinh-sap-co-khu-cong-nghiep-hon-13-200-ty-dong.htm
277,42,https://vneconomy.vn/ha-tinh-sap-co-them-khu-do-thi-gan-1-800ha.htm
278,42,https://vneconomy.vn/ha-tinh-sap-dau-gia-6-mo-khoang-san.htm
279,42,https://vneconomy.vn/ha-tinh-sap-khoi-cong-nhieu-du-an-lon.htm
280,42,https://vneconomy.vn/ha-tinh-tap-trung-go-vuong-cho-175-du-an-dau-tu.htm
281,42,https://vneconomy.vn/ha-tinh-thu-ngan-sach-noi-dia-tang-50.htm
282,42,https://vneconomy.vn/ha-tinh-thu-noi-dia-dat-cao-nhat-tu-truoc-den-nay.htm
283,42,https://vneconomy.vn/ha-tinh-tim-giai-phap-phat-trien-khu-kinh-te-cua-khau-quoc-te-cau-treo.htm
284,42,https://vneconomy.vn/ha-tinh-tro-luc-cho-doanh-nghiep-nho-va-vua.htm
285,42,https://vneconomy.vn/ha-tinh-von-dau-tu-phat-trien-toan-xa-hoi-dat-hon-12-000-ty-dong.htm
286,42,https://vneconomy.vn/hai-duong-dong-thuan-100-theo-de-an-hop-nhat-voi-hai-phong.htm
287,42,https://vneconomy.vn/hai-duong-sap-co-khu-kinh-te-chuyen-biet-rong-hon-5-300ha.htm
288,42,https://vneconomy.vn/hai-duong-tat-bat-chuan-bi-dau-ra-cho-gan-9-000-ha-vai-thieu.htm
289,42,https://vneconomy.vn/hai-duong-thu-hut-them-232-trieu-usd-von-dau-tu.htm
290,42,https://vneconomy.vn/hai-duong-thu-hut-von-fdi-vuot-ke-hoach.htm
291,42,https://vneconomy.vn/hai-linh-vuc-giup-thu-noi-dia-thanh-hoa-tang-manh.htm
292,42,https://vneconomy.vn/hai-nam-nghe-an-xuat-khau-hon-46-000-lao-dong.htm
293,42,https://vneconomy.vn/hai-nguyen-nhan-khien-no-thue-cua-nghe-an-doi-them-3-500-ty.htm
294,42,https://vneconomy.vn/hai-ong-lon-ngan-hang-ngoai-dang-trien-khai-tai-chinh-xanh-tai-viet-nam-nhu-the-nao.htm
295,42,https://vneconomy.vn/hai-phong-bat-tay-phat-trien-logistics-voi-cang-new-york-va-new-jersey-hoa-ky.htm
296,42,https://vneconomy.vn/hai-phong-bo-nhiem-cac-lanh-dao-so-nganh-sau-hop-nhat.htm
297,42,https://vneconomy.vn/hai-phong-cang-suc-phong-chong-sieu-bao.htm
298,42,https://vneconomy.vn/hai-phong-chay-dua-xay-dung-hoan-thien-ha-tang-dien-ung-pho-nang-nong-cuc-doan.htm
299,42,https://vneconomy.vn/hai-phong-chi-400-ty-de-thuc-day-chuyen-doi-so.htm
300,42,https://vneconomy.vn/hai-phong-chi-dao-trien-khai-cac-bien-phap-phuc-hoi-san-xuat-nong-nghiep-sau-bao-so-3.htm
301,42,https://vneconomy.vn/hai-phong-chi-hon-90-ty-to-chuc-le-hoi-hoa-phuong-do-2025.htm
302,42,https://vneconomy.vn/hai-phong-chinh-thuc-khai-thac-nhieu-cau-cang-moi-tai-lach-huyen.htm
303,42,https://vneconomy.vn/hai-phong-co-them-khu-cong-nghiep-4-500-ty.htm
304,42,https://vneconomy.vn/hai-phong-da-san-sang-to-chuc-dem-hoi-nghe-thuat-lon-nhat-tu-truoc-den-nay.htm
305,42,https://vneconomy.vn/hai-phong-dac-biet-quan-tam-phat-trien-cong-nghiep-ho-tro.htm
306,42,https://vneconomy.vn/hai-phong-dat-quan-quan-bang-xep-hang-pci-2024.htm
307,42,https://vneconomy.vn/hai-phong-day-manh-ket-noi-giao-thuong-voi-doanh-nghiep-trung-quoc-an-do-va-nam-phi.htm
308,42,https://vneconomy.vn/hai-phong-di-doi-nguoi-dan-khoi-cac-khu-chung-cu-xuong-cap-de-phong-sup-do-do-mua-bao.htm
309,42,https://vneconomy.vn/hai-phong-don-luc-nang-tam-kinh-te-so.htm
310,42,https://vneconomy.vn/hai-phong-don-toan-luc-khac-phuc-luoi-dien-thap-sang-lai-thanh-pho.htm
311,42,https://vneconomy.vn/hai-phong-dong-loat-khoi-cong-khanh-thanh-gan-bien-12-du-an.htm
312,42,https://vneconomy.vn/hai-phong-duoc-phong-tang-danh-hieu-thanh-pho-anh-hung.htm
313,42,https://vneconomy.vn/hai-phong-duoc-toan-quyen-quan-ly-he-thong-duong-thuy-noi-dia-quoc-gia-tren-dia-ban.htm
314,42,https://vneconomy.vn/hai-phong-ha-thuy-thanh-cong-tau-hang-roi-lon-nhat-viet-nam.htm
315,42,https://vneconomy.vn/hai-phong-hai-duong-dam-bao-van-hanh-chinh-quyen-so-thong-suot-ngay-khi-hop-nhat.htm
316,42,https://vneconomy.vn/hai-phong-hoan-thanh-kpi-xay-dung-nong-thon-moi-truoc-gio-sap-nhap.htm
317,42,https://vneconomy.vn/hai-phong-hop-tac-phat-trien-nhan-luc-nganh-dien-tu-va-vi-mach-ban-dan.htm
318,42,https://vneconomy.vn/hai-phong-huy-dong-toi-da-phuong-tien-phuc-vu-khach-du-lich-an-toan-thuan-tien.htm
319,42,https://vneconomy.vn/hai-phong-huy-dong-tong-luc-chu-dong-ung-pho-voi-con-bao-so-3.htm
320,42,https://vneconomy.vn/hai-phong-keu-goi-gioi-tri-thuc-chung-tay-xay-dung-thanh-pho.htm
321,42,https://vneconomy.vn/hai-phong-khai-hoi-du-lich-cat-ba-xanh-2024.htm
322,42,https://vneconomy.vn/hai-phong-khoi-cong-xay-dung-cau-hon-6-200-ty.htm
323,42,https://vneconomy.vn/hai-phong-len-kich-ban-san-sang-ung-pho-voi-con-bao-so-3.htm
324,42,https://vneconomy.vn/hai-phong-moi-thu-ngan-sach-gan-97-000-ty-trong-6-thang.htm
325,42,https://vneconomy.vn/hai-phong-muon-som-ve-dich-trong-phat-trien-nha-o-xa-hoi.htm
326,42,https://vneconomy.vn/hai-phong-muon-xay-khu-kinh-te-ven-bien-rong-20-000-hec-ta.htm
327,42,https://vneconomy.vn/hai-phong-nhan-quyet-dinh-thanh-lap-khu-kinh-te-rong-hon-20-000-ha.htm
328,42,https://vneconomy.vn/hai-phong-no-luc-go-kho-cho-cac-doanh-nghiep-fdi.htm
329,42,https://vneconomy.vn/hai-phong-phan-dau-100-doanh-nghiep-fdi-thanh-lap-cong-doan-co-so.htm
330,42,https://vneconomy.vn/hai-phong-phat-3-doanh-nghiep-hon-1-3-ty-dong-do-vi-pham-ve-moi-truong.htm
331,42,https://vneconomy.vn/hai-phong-quan-chat-chat-luong-hang-hoa-dip-tet-nguyen-dan-2024.htm
332,42,https://vneconomy.vn/hai-phong-quang-ninh-no-luc-phuc-hoi-san-xuat-kinh-doanh-sau-sieu-bao.htm
333,42,https://vneconomy.vn/hai-phong-quang-ninh-thai-binh-tich-cuc-cung-ca-nuoc-go-the-vang-iuu.htm
334,42,https://vneconomy.vn/hai-phong-quyet-xoa-diem-den-un-tac-ben-pha-dong-bai.htm
335,42,https://vneconomy.vn/hai-phong-ra-mat-hiep-hoi-doanh-nghiep.htm
336,42,https://vneconomy.vn/hai-phong-sap-co-khu-cong-nghiep-hon-3-500-ty.htm
337,42,https://vneconomy.vn/hai-phong-sap-dien-ra-le-hoi-van-hoa-va-am-thuc-bi-lon-nhat-tu-truoc-den-nay.htm
338,42,https://vneconomy.vn/hai-phong-sat-canh-cung-doanh-nghiep-xuat-nhap-khau.htm
339,42,https://vneconomy.vn/hai-phong-se-cam-dung-do-xe-trong-khu-vuc-trung-tam-tu-nam-2025.htm
340,42,https://vneconomy.vn/hai-phong-tam-dung-van-chuyen-o-to-qua-pha-dong-bai-trong-dip-nghi-le.htm
341,42,https://vneconomy.vn/hai-phong-tan-hoang-sau-bao-ca-thanh-pho-gong-minh-khac-phuc.htm
342,42,https://vneconomy.vn/hai-phong-tang-toc-chuyen-doi-so-quyet-tam-dan-dau-ca-nuoc.htm
343,42,https://vneconomy.vn/hai-phong-tang-truong-hai-con-so-tiep-tuc-thu-ngan-sach-dat-tren-100-000-ty.htm
344,42,https://vneconomy.vn/hai-phong-tang-truong-kha-trong-quy-i-2024.htm
345,42,https://vneconomy.vn/hai-phong-thai-binh-quang-ninh-no-luc-go-the-vang-thuy-san.htm
346,42,https://vneconomy.vn/hai-phong-tham-vong-don-10-trieu-luot-du-khach-trong-nam-2025.htm
347,42,https://vneconomy.vn/hai-phong-thiet-hai-hang-van-ty-dong-sau-bao-so-3.htm
348,42,https://vneconomy.vn/hai-phong-thu-hut-hon-3-3-ty-usd-von-dau-tu-trong-thang-1-2025.htm
349,42,https://vneconomy.vn/hai-phong-thu-ngan-sach-gan-58-000-ty.htm
350,42,https://vneconomy.vn/hai-phong-thuc-day-quan-he-hop-tac-voi-thanh-pho-lon-cua-han-quoc.htm
351,42,https://vneconomy.vn/hai-phong-thuc-hien-495-cuoc-thanh-tra-phat-hien-sai-pham-hon-48-8-ty.htm
352,42,https://vneconomy.vn/hai-phong-tiep-tuc-khat-lao-dong.htm
353,42,https://vneconomy.vn/hai-phong-tiep-tuc-nam-trong-cau-lac-bo-100-000-ty.htm
354,42,https://vneconomy.vn/hai-phong-tiep-tuc-nang-tam-nang-luc-cang-bien.htm
355,42,https://vneconomy.vn/hai-phong-tiep-tuc-xay-dung-them-du-an-giao-thong-lon.htm
356,42,https://vneconomy.vn/hai-phong-tim-giai-phap-de-huong-toi-muc-tieu-net-zero.htm
357,42,https://vneconomy.vn/hai-phong-tim-giai-phap-vuc-day-nganh-dong-tau.htm
358,42,https://vneconomy.vn/hai-phong-tinh-gon-hop-nhat-cac-so-nganh-nhieu-lanh-dao-xin-nghi-huu-som.htm
359,42,https://vneconomy.vn/hai-phong-trien-khai-nhieu-hoat-dong-xuc-tien-thuong-mai-quoc-te.htm
360,42,https://vneconomy.vn/hai-phong-truoc-ap-luc-xu-ly-hon-2-000-tan-rac-thai-moi-ngay.htm
361,42,https://vneconomy.vn/hai-phong-voi-bai-toan-phat-trien-cang-xanh.htm
362,42,https://vneconomy.vn/hai-phong-voi-thach-thuc-tang-truong-12-5.htm
363,42,https://vneconomy.vn/hai-phong-xet-xu-14-can-bo-hai-quan-tiep-tay-buon-lau-hon-13-000-container-go.htm
364,42,https://vneconomy.vn/hai-quan-hai-phong-duoc-giao-nhiem-vu-thu-ngan-sach-72-000-ty-dong.htm
365,42,https://vneconomy.vn/hai-quan-hai-phong-thu-5-272-ty-trong-thang-dau-nam.htm
366,42,https://vneconomy.vn/hai-quan-hai-phong-tiep-tuc-sap-nhap-doi-ten.htm
367,42,https://vneconomy.vn/hai-quan-hai-phong-ve-dich-sat-nut-tiep-tuc-no-luc-cho-chang-dua-moi.htm
368,42,https://vneconomy.vn/hai-quan-quang-ninh-thu-ngan-sach-dat-16-700-ty.htm
369,42,https://vneconomy.vn/hai-sieu-du-an-tai-quang-tri-sap-thi-cong.htm
370,42,https://vneconomy.vn/hang-loat-doanh-nghiep-tai-ha-noi-ngam-hon-4-000-ty-tien-bao-hiem-xa-hoi.htm
371,42,https://vneconomy.vn/hang-loat-phien-thao-luan-nong-tim-giai-phap-dua-bao-chi-vuot-kho-va-but-toc.htm
372,42,https://vneconomy.vn/hang-loat-trien-lam-ve-cong-nghiep-phu-tro-det-may-tai-thanh-pho-ho-chi-minh.htm
373,42,https://vneconomy.vn/hang-tram-lo-dat-tai-thanh-pho-hue-sap-duoc-dua-ra-dau-gia.htm
374,42,https://vneconomy.vn/hang-van-tai-bien-lon-nhat-nuoc-phap-bat-tay-thuc-hien-du-an-13-000-ty-tai-hai-phong.htm
375,42,https://vneconomy.vn/hang-van-tieu-thuong-nang-trinh-ban-hang-nho-ung-dung-cua-nguoi-viet.htm
376,42,https://vneconomy.vn/hau-sap-nhap-hai-phong-lo-thieu-nhan-luc.htm
377,42,https://vneconomy.vn/hau-sap-nhap-phu-tho-don-luc-phat-trien-cong-nghiep-xanh-ben-vung.htm
378,42,https://vneconomy.vn/hay-xanh-hoa-bao-bi-thuc-pham.htm
379,42,https://vneconomy.vn/hiep-hoi-ho-tro-phat-trien-cong-nghiep-hai-phong-co-tan-chu-tich.htm
380,42,https://vneconomy.vn/hinh-anh-va-phat-ngon-an-tuong-tai-dien-dan-kich-ban-kinh-te-viet-nam-2024.htm
381,42,https://vneconomy.vn/hinh-anh-va-phat-ngon-an-tuong-tai-dien-dan-kinh-te-tuan-hoan-viet-nam-2023.htm
382,42,https://vneconomy.vn/ho-tro-doanh-nghiep-nho-va-vua-tim-duong-ra-bien-lon.htm
383,42,https://vneconomy.vn/ho-tro-xay-moi-sua-chua-1-000-can-nha-cho-nguoi-dan-vung-lu-nghe-an.htm
384,42,https://vneconomy.vn/hoat-dong-xuat-nhap-khau-bien-mau-phia-bac-tang-truong-tot.htm
385,42,https://vneconomy.vn/hoi-noi-that-viet-nam-tro-thanh-thanh-vien-cua-hiep-hoi-thiet-ke-noi-that-chau-a.htm
386,42,https://vneconomy.vn/hon-1-100-ty-dong-de-thanh-pho-dong-ha-tang-truong-xanh.htm
387,42,https://vneconomy.vn/hon-1-800-ty-nang-cong-suat-san-bay-dong-hoi.htm
388,42,https://vneconomy.vn/hon-10-000-nguoi-bo-dia-chi-kinh-doanh-no-thue-hon-gan-7-000-ty.htm
389,42,https://vneconomy.vn/hon-10-000-van-dong-vien-huan-luyen-vien-tham-gia-hoi-khoe-phu-dong-tai-hai-phong.htm
390,42,https://vneconomy.vn/hon-10-850-ty-dong-chay-vao-du-lich-thanh-hoa-trong-thang-7.htm
391,42,https://vneconomy.vn/hon-100-doanh-nghiep-trung-quoc-toi-lao-cai-tham-du-hoi-cho-quoc-te-viet-trung.htm
392,42,https://vneconomy.vn/hon-11-700-lao-dong-tai-quang-binh-duoc-giai-quyet-viec-lam.htm
393,42,https://vneconomy.vn/hon-11-700-ty-von-dau-tu-cong-se-duoc-thanh-hoa-giai-ngan-the-nao-trong-nam-2024.htm
394,42,https://vneconomy.vn/hon-135-trieu-tan-hang-hoa-thong-qua-cang-bien-trong-hai-thang-dau-nam.htm
395,42,https://vneconomy.vn/hon-29-trieu-tan-hang-qua-cac-cang-hai-phong.htm
396,42,https://vneconomy.vn/hon-3-5-ty-usd-chuan-bi-do-bo-vao-thanh-hoa.htm
397,42,https://vneconomy.vn/hon-300-doanh-nghiep-tham-du-trien-lam-quoc-te-nganh-xay-dung.htm
398,42,https://vneconomy.vn/hon-4-thang-dong-nai-da-vuot-chi-tieu-thu-hut-dau-tu-cho-ca-nam-2024.htm
399,42,https://vneconomy.vn/hon-46-400-ty-dong-thuc-hien-cac-chuong-muc-tieu-quoc-gia-tai-thanh-hoa.htm
400,42,https://vneconomy.vn/hon-5-000-ty-dong-xay-dung-truong-noi-tru-lien-cap-tai-21-xa-bien-gioi-nghe-an.htm
401,42,https://vneconomy.vn/hon-6-700-ty-dong-chay-vao-nghe-an.htm
402,42,https://vneconomy.vn/hop-nhat-hai-cong-ty-van-tai-duong-sat-ha-noi-va-sai-gon-ngay-trong-nam-2024.htm
403,42,https://vneconomy.vn/hue-co-them-cum-cong-nghiep-hon-16ha.htm
404,42,https://vneconomy.vn/hue-dat-kpi-don-5-5-trieu-luot-khach-du-lich.htm
405,42,https://vneconomy.vn/hue-dat-muc-tieu-giai-quyet-viec-lam-cho-17-600-lao-dong.htm
406,42,https://vneconomy.vn/hue-giai-quyet-thu-tuc-hanh-chinh-khong-phu-thuoc-dia-gioi.htm
407,42,https://vneconomy.vn/hue-keu-goi-dau-tu-vao-khu-kinh-te-chan-may-lang-co.htm
408,42,https://vneconomy.vn/hue-tim-giai-phap-de-khai-thac-hieu-qua-cang-hang-khong-quoc-te-phu-bai.htm
409,42,https://vneconomy.vn/hut-thu-751-ty-nam-2023-quang-binh-khan-truong-trien-khai-cac-giai-phap-tang-thu-ngan-sach.htm
410,42,https://vneconomy.vn/huy-dong-suc-manh-tong-luc-thuc-day-tien-do-du-an-duong-day-500kv.htm
411,42,https://vneconomy.vn/huy-tam-hoan-xuat-canh-doi-voi-giam-doc-doanh-nghiep-dau-tu-du-an-hon-5-400-ty-tai-thanh-hoa.htm
412,42,https://vneconomy.vn/huyen-an-duong-khac-phuc-thieu-sot-trong-thu-tuc-cap-dang-ky-ho-kinh-doanh.htm
413,42,https://vneconomy.vn/huyen-hoang-hoa-se-duoc-nang-hang-thanh-thi-xa.htm
414,42,https://vneconomy.vn/i-ach-giai-ngan-von-dau-tu-cong-nam-2023-quang-tri-menh-lenh-thuc-tien-do-ngay-tu-dau-nam-moi.htm
415,42,https://vneconomy.vn/i-ach-giai-phong-mat-bang-khu-cong-nghiep-son-my-1.htm
416,42,https://vneconomy.vn/interactive-toan-canh-kinh-te-viet-nam-thang-72025.htm
417,42,https://vneconomy.vn/ke-don-ha-nhiet-con-sot-vat-lieu-xay-dung.htm
418,42,https://vneconomy.vn/khach-quoc-te-den-quang-binh-tang-manh-trong-dip-tet.htm
419,42,https://vneconomy.vn/khai-mac-hoi-cho-san-pham-cong-nghiep-ha-noi-nam-2024.htm
420,42,https://vneconomy.vn/khai-mac-lien-hoan-van-hoa-am-thuc-xu-thanh.htm
421,42,https://vneconomy.vn/khai-thac-tro-lai-4-san-bay-mien-trung-sau-bao-tra-mi.htm
422,42,https://vneconomy.vn/khanh-hoa-sap-co-them-khu-cong-nghiep-doc-da-trang.htm
423,42,https://vneconomy.vn/khanh-thanh-du-an-hon-5-700-ty-tao-nguon-cap-nuoc-cho-5-dia-phuong-tai-nghe-an.htm
424,42,https://vneconomy.vn/khanh-thanh-nha-may-san-xuat-o-to-gan-8-700-ty-tai-quang-ninh.htm
425,42,https://vneconomy.vn/khoi-cong-du-an-nha-may-thuy-dien-tri-an-mo-rong.htm
426,42,https://vneconomy.vn/khoi-cong-khu-do-thi-nghin-ty-tai-trieu-son-thanh-hoa.htm
427,42,https://vneconomy.vn/khoi-dong-du-an-xay-dung-bang-tai-chuyen-than-tu-lao-ve-viet-nam-tong-von-1-500-ty.htm
428,42,https://vneconomy.vn/khoi-dong-nam-moi-du-lich-nhieu-tinh-bac-trung-bo-ghi-diem.htm
429,42,https://vneconomy.vn/khoi-dong-quy-hoach-khu-do-thi-phia-bac-thanh-pho-ha-tinh.htm
430,42,https://vneconomy.vn/khong-bao-cao-danh-gia-tac-dong-moi-truong-chu-dau-tu-du-an-bi-phat-nang.htm
431,42,https://vneconomy.vn/khong-co-song-qua-dai-cuon-sach-cho-nguoi-khoi-nghiep.htm
432,42,https://vneconomy.vn/khong-dun-day-trach-nhiem-trong-sap-xep-doi-moi-cong-ty-nong-lam-nghiep.htm
433,42,https://vneconomy.vn/khong-tan-dung-5-trieu-m3-dat-doi-du-tu-du-an-san-bay-long-thanh-de-thi-cong-cao-toc.htm
434,42,https://vneconomy.vn/khong-thong-bao-thu-tien-thue-dat-nguyen-chu-tich-cong-ty-quan-ly-kinh-doanh-nha-hai-phong-bi-khoi-to.htm
435,42,https://vneconomy.vn/khu-thuong-mai-tu-do-se-ket-noi-kinh-te-hai-phong-voi-chuoi-cung-ung-toan-cau.htm
436,42,https://vneconomy.vn/khu-vuc-ho-ngoc-khanh-se-thanh-pho-di-bo-moi-cua-ha-noi.htm
437,42,https://vneconomy.vn/kich-hoat-chuong-trinh-quoc-gia-bao-ve-va-phat-trien-nguon-loi-thuy-san-den-nam-2030.htm
438,42,https://vneconomy.vn/kich-hoat-du-an-chinh-quyen-so-thanh-pho-hai-phong.htm
439,42,https://vneconomy.vn/kiem-soat-chat-hon-thi-truong-ty-do-thuc-pham-chuc-nang.htm
440,42,https://vneconomy.vn/kiem-tra-cac-du-an-xay-dung-khu-neo-dau-co-so-dich-vu-hau-can-nghe-ca-tai-quang-binh.htm
441,42,https://vneconomy.vn/kien-cuong-vuot-qua-hanh-trinh-khac-nghiet.htm
442,42,https://vneconomy.vn/kien-giang-dat-muc-tieu-thu-38-000-ty-tu-khach-du-lich.htm
443,42,https://vneconomy.vn/kien-nghi-chap-thuan-dau-tu-du-an-khu-cong-nghiep-hon-13-000-ty-tai-vung-ang.htm
444,42,https://vneconomy.vn/kien-nghi-co-che-dac-thu-khai-thac-da-phuc-vu-xay-dung-san-bay-long-thanh.htm
445,42,https://vneconomy.vn/kim-ngach-xuat-khau-cua-nghe-an-nam-2023-lap-moc-lich-su.htm
446,42,https://vneconomy.vn/kim-ngach-xuat-nhap-khau-hai-phong-tang-cao.htm
447,42,https://vneconomy.vn/kim-ngach-xuat-nhap-khau-qua-tuyen-bien-gioi-viet-trung-tang-vot.htm
448,42,https://vneconomy.vn/kim-ngach-xuat-nhap-khau-tinh-quang-tri-tang-manh.htm
449,42,https://vneconomy.vn/kinh-te-hai-phong-tang-truong-an-tuong-sau-5-nam-thuc-hien-nghi-quyet-45.htm
450,42,https://vneconomy.vn/kinh-te-hai-phong-tang-truong-cham-lai-sau-bao-yagi.htm
451,42,https://vneconomy.vn/kinh-te-hai-phong-tang-truong-on-dinh-thu-ngan-sach-gan-80-000-ty.htm
452,42,https://vneconomy.vn/kinh-te-khoi-sac-nhieu-nhom-nganh-san-xuat-tai-hai-duong-da-de-tho-hon.htm
453,42,https://vneconomy.vn/kinh-te-ninh-binh-tiep-tuc-khoi-sac.htm
454,42,https://vneconomy.vn/kinh-te-thai-binh-tang-truong-toan-dien.htm
455,42,https://vneconomy.vn/kinh-te-thanh-hoa-tang-truong-tot.htm
456,42,https://vneconomy.vn/kinh-te-tu-nhan-tru-cot-hut-hoi-va-noi-lo-khong-muon-lon.htm
457,42,https://vneconomy.vn/kn-holdings-hop-tac-voi-samsung-ct-phat-trien-864-mw-dien-mat-troi-noi.htm
458,42,https://vneconomy.vn/ky-hop-hoi-dong-nhan-dan-tinh-thanh-hoa-quyet-dinh-nhieu-noi-dung-quan-trong.htm
459,42,https://vneconomy.vn/ky-hop-iii-hoi-dong-tu-van-kinh-doanh-apec-sap-duoc-to-chuc-tai-hai-phong.htm
460,42,https://vneconomy.vn/ky-niem-50-nam-thanh-lap-hoi-khoa-hoc-kinh-te-viet-nam-nua-the-ky-dong-hanh-cung-su-phat-trien-dat-nuoc.htm
461,42,https://vneconomy.vn/lan-dau-tien-hoi-bao-toan-quoc-duoc-to-chuc-tai-tp-hcm.htm
462,42,https://vneconomy.vn/lan-song-viet-kieu-hoi-huong-kham-chua-benh-tai-viet-nam.htm
463,42,https://vneconomy.vn/lang-hoa-dong-cuong-vao-vu-tet.htm
464,42,https://vneconomy.vn/lang-son-sot-ruot-vi-nhieu-du-an-giao-thong-trong-diem-cham-tien-do.htm
465,42,https://vneconomy.vn/lanh-dao-cong-ty-rang-dong-tham-va-lam-viec-voi-tap-chi-kinh-te-viet-nam.htm
466,42,https://vneconomy.vn/lanh-dao-thanh-pho-hai-phong-sang-han-quoc-xuc-tien-dau-tu.htm
467,42,https://vneconomy.vn/lanh-dao-tinh-long-an-sang-hoa-ky-keu-goi-dau-tu.htm
468,42,https://vneconomy.vn/lanh-dao-tinh-thai-binh-xuc-tien-dau-tu-tai-ha-lan-hungary.htm
469,42,https://vneconomy.vn/lao-cai-ban-giai-phap-thao-go-kho-khan-cho-cac-du-an-khai-thac-quang.htm
470,42,https://vneconomy.vn/lao-cai-chot-trien-khai-5-du-an-tong-von-hon-20-000-ty.htm
471,42,https://vneconomy.vn/lao-cai-de-xuat-rot-them-725-ty-von-ngan-sach-vao-du-an-cang-hang-khong-sa-pa.htm
472,42,https://vneconomy.vn/lao-cai-gap-kho-trong-thu-hut-cac-du-an-cong-nghiep.htm
473,42,https://vneconomy.vn/lao-cai-phan-dau-co-them-800-doanh-nghiep-trong-nam-moi-2024.htm
474,42,https://vneconomy.vn/lao-cai-phat-nang-doanh-nghiep-vi-vi-pham-luat-dat-dai-moi-truong.htm
475,42,https://vneconomy.vn/lao-cai-thanh-lap-ban-dac-nhiem-ho-tro-doc-thuc-20-du-an-thuy-dien.htm
476,42,https://vneconomy.vn/lao-cai-thiet-hai-dac-biet-nghiem-trong-ve-nguoi-tai-san-do-mua-bao.htm
477,42,https://vneconomy.vn/lao-cai-thu-hut-tren-50-du-an-dau-tu-phat-trien-du-lich-tong-von-hon-55-000-ty.htm
478,42,https://vneconomy.vn/lao-cai-thuc-hien-5-day-5-keo-de-phat-trien-kinh-te.htm
479,42,https://vneconomy.vn/lao-cai-trien-khai-nhieu-giai-phap-de-thuc-day-thuong-mai-voi-thi-truong-trung-quoc.htm
480,42,https://vneconomy.vn/lao-cai-triet-pha-2-co-so-dung-chat-doc-hai-san-xuat-hang-tram-tan-gia-do.htm
481,42,https://vneconomy.vn/lao-cai-xay-dung-nha-may-xu-ly-chat-thai-cong-nghiep-nguy-hai.htm
482,42,https://vneconomy.vn/lao-cai-xu-nghiem-nhieu-doanh-nghiep-vi-pham-moi-truong.htm
483,42,https://vneconomy.vn/lat-tay-cac-thu-doan-tinh-vi-trong-vu-an-thoi-gia-thiet-bi-giao-duc.htm
484,42,https://vneconomy.vn/lat-tay-thu-doan-dung-con-cong-nghiep-san-xuat-hang-van-chai-con-y-te-gia.htm
485,42,https://vneconomy.vn/lien-minh-chau-au-ghi-nhan-no-luc-go-the-vang-iuu-cua-viet-nam.htm
486,42,https://vneconomy.vn/lien-tiep-phat-hien-hang-hoa-thuc-pham-khong-ro-nguon-goc.htm
487,42,https://vneconomy.vn/lo-cu-sen-dau-tien-cua-viet-nam-xuat-khau-sang-nhat-ban.htm
488,42,https://vneconomy.vn/lo-dien-nha-dau-tu-de-xuat-thuc-hien-du-an-nha-may-nhiet-dien-lng-quang-tri.htm
489,42,https://vneconomy.vn/lo-trinh-thuc-hien-du-an-hon-37-trieu-usd-tai-thanh-hoa.htm
490,42,https://vneconomy.vn/loai-cay-dac-huu-bi-tan-pha-boi-thu-choi-xa-xi.htm
491,42,https://vneconomy.vn/loat-dai-bang-fdi-du-kien-rot-them-hang-ty-usd-vao-viet-nam.htm
492,42,https://vneconomy.vn/loat-doanh-nghiep-xa-thai-vo-phep-tai-bac-ninh-bi-phat-hon-8-ty.htm
493,42,https://vneconomy.vn/long-an-co-them-khu-cong-nghiep-hon-5-600-ty.htm
494,42,https://vneconomy.vn/long-an-dat-muc-tieu-boi-thuong-giai-phong-khoang-1-500-ha-mat-bang-trong-nam-2024.htm
495,42,https://vneconomy.vn/long-an-dat-muc-tieu-tang-truong-kinh-te-8-5-trong-nam-2024.htm
496,42,https://vneconomy.vn/lu-ong-lu-quet-lien-tiep-tai-cac-huyen-mien-nui-nghe-an-gay-thiet-hai-nang.htm
497,42,https://vneconomy.vn/ly-do-chi-so-san-xuat-cong-nghiep-cua-ha-tinh-khong-dat-nhu-ky-vong.htm
498,42,https://vneconomy.vn/mang-xa-hoi-khong-the-canh-tranh-voi-bao-chi.htm
499,42,https://vneconomy.vn/metro-nhon-ga-ha-noi-dat-so-luot-khach-ky-luc.htm
500,42,https://vneconomy.vn/mien-trung-yeu-cau-cac-ho-dap-tang-luu-luong-van-hanh-dieu-tiet-lu.htm
501,42,https://vneconomy.vn/mo-rong-cao-toc-cam-lo-la-son-len-4-lan-xe-can-gan-6-500-ty-dong.htm
502,42,https://vneconomy.vn/mot-nha-may-ban-dan-cua-ong-lon-hana-micron-tai-viet-nam-thu-ve-5600-ty-nua-dau-nam.htm
503,42,https://vneconomy.vn/mot-quan-cua-ha-noi-thu-ngan-sach-9-thang-dat-gan-13-000-ty.htm
504,42,https://vneconomy.vn/mot-so-du-an-tai-thu-phu-dien-gio-gap-kho-khan.htm
505,42,https://vneconomy.vn/mua-lon-do-bao-so-1-gay-ngap-lut-va-sat-lo-o-mien-trung.htm
506,42,https://vneconomy.vn/mua-lon-keo-dai-tai-mien-trung-hang-tram-ngoi-nha-ngap-trong-bien-nuoc.htm
507,42,https://vneconomy.vn/nam-2023-ha-noi-co-hon-31-000-doanh-nghiep-moi.htm
508,42,https://vneconomy.vn/nam-2023-kinh-te-hai-duong-chuyen-dich-theo-huong-tich-cuc.htm
509,42,https://vneconomy.vn/nam-2023-kinh-te-que-lua-bat-dau-khoi-sac.htm
510,42,https://vneconomy.vn/nam-2024-kinh-te-hai-duong-vuot-muc-tieu-tang-truong.htm
511,42,https://vneconomy.vn/nam-2024-tp-hcm-thu-ngan-sach-hon-500-000-ty.htm
512,42,https://vneconomy.vn/nam-2025-hai-phong-dat-muc-tieu-tang-truong-grdp-dat-12-5.htm
513,42,https://vneconomy.vn/nam-2035-ha-noi-se-dung-100-xe-buyt-xanh.htm
514,42,https://vneconomy.vn/nam-dau-tien-tan-cang-hai-phong-don-1-500-000-teu.htm
515,42,https://vneconomy.vn/nam-dinh-can-som-thao-go-diem-nghen-lon-nhat-de-tang-loi-the-canh-tranh.htm
516,42,https://vneconomy.vn/nam-dinh-sap-co-them-khu-cong-nghiep-1-000-ty.htm
517,42,https://vneconomy.vn/ngan-hang-phat-trien-chau-a-canh-bao-5-du-an-quan-trong-tai-quang-tri.htm
518,42,https://vneconomy.vn/ngan-hang-viet-nga-de-xuat-nhieu-bien-phap-go-kho-cho-cong-dong-doanh-nghiep.htm
519,42,https://vneconomy.vn/ngan-hang-vrb-cau-noi-tai-chinh-quan-trong-thuc-day-hop-tac-kinh-te-viet-nga.htm
520,42,https://vneconomy.vn/ngan-sach-hai-phong-tang-vot.htm
521,42,https://vneconomy.vn/nganh-cong-nghiep-cua-ha-tinh-gap-kho.htm
522,42,https://vneconomy.vn/nganh-cong-nghiep-khong-khoi-cua-thanh-hoa-thieu-hut-nguon-nhan-luc.htm
523,42,https://vneconomy.vn/nganh-det-may-viet-nam-can-don-dau-chuyen-doi-xanh.htm
524,42,https://vneconomy.vn/nganh-dich-vu-cang-tiep-tuc-la-tru-cot-cua-kinh-te-hai-phong.htm
525,42,https://vneconomy.vn/nganh-giao-duc-thanh-hoa-giai-con-khat-giao-vien-voi-hang-ngan-hop-dong-tuyen-dung.htm
526,42,https://vneconomy.vn/nganh-khai-khoang-cua-quang-tri-hut-hoi.htm
527,42,https://vneconomy.vn/nganh-thue-hai-duong-trien-khai-nhieu-giai-phap-de-hoan-thanh-chi-tieu.htm
528,42,https://vneconomy.vn/ngay-hoi-khoi-nghiep-sang-tao-viet-nam-2024-se-dien-ra-tai-hai-phong.htm
529,42,https://vneconomy.vn/nghe-an-bo-sung-von-cho-nhieu-du-an-trong-diem.htm
530,42,https://vneconomy.vn/nghe-an-chay-nuoc-rut-hoan-thanh-cac-du-an-oda.htm
531,42,https://vneconomy.vn/nghe-an-chuan-bi-dau-tu-cum-cong-nghiep-hon-75ha-tai-nghi-lam.htm
532,42,https://vneconomy.vn/nghe-an-cong-khai-thong-tin-nhieu-doanh-nghiep-no-thue-chay-y.htm
533,42,https://vneconomy.vn/nghe-an-danh-hon-70-ty-ho-tro-1-700-can-bo-doi-du-sau-sap-nhap.htm
534,42,https://vneconomy.vn/nghe-an-dat-muc-tieu-xuat-khau-hang-hoa-dat-4-ty-usd.htm
535,42,https://vneconomy.vn/nghe-an-day-manh-phat-trien-cac-du-an-nang-luong-sach.htm
536,42,https://vneconomy.vn/nghe-an-giai-quyet-viec-lam-cho-16-400-lao-dong.htm
537,42,https://vneconomy.vn/nghe-an-hop-nhat-7-doanh-nghiep-nha-nuoc.htm
538,42,https://vneconomy.vn/nghe-an-ky-vong-thu-hut-von-fdi-lot-top-10-ca-nuoc.htm
539,42,https://vneconomy.vn/nghe-an-loay-hoay-giai-ngan-hon-1-200-ty.htm
540,42,https://vneconomy.vn/nghe-an-phan-bo-500-ty-dong-de-khoi-phuc-ha-tang-on-dinh-doi-song-nguoi-dan-vung-lu.htm
541,42,https://vneconomy.vn/nghe-an-sap-co-them-nha-may-450-trieu-usd-can-hon-4-000-lao-dong.htm
542,42,https://vneconomy.vn/nghe-an-se-manh-tay-xu-ly-doanh-nghiep-vi-pham-ve-an-toan-ve-sinh-lao-dong.htm
543,42,https://vneconomy.vn/nghe-an-se-thi-diem-xay-dung-thanh-pho-anh-sang.htm
544,42,https://vneconomy.vn/nghe-an-tang-toc-thuc-hien-cac-du-an-giao-thong-trong-diem.htm
545,42,https://vneconomy.vn/nghe-an-tang-truong-chi-so-cong-nghiep-nho-doanh-nghiep-fdi.htm
546,42,https://vneconomy.vn/nghe-an-thu-hut-dau-tu-du-an-do-thi-hon-1-100-ty-dong.htm
547,42,https://vneconomy.vn/nghe-an-thu-hut-gan-300-trieu-usd-von-fdi-trong-6-thang.htm
548,42,https://vneconomy.vn/nghe-an-thu-hut-von-fdi-vuot-moc-1-6-ty-usd.htm
549,42,https://vneconomy.vn/nghe-an-thu-ngan-sach-gan-12-000-ty-dong.htm
550,42,https://vneconomy.vn/nghe-an-thu-ngan-sach-gan-75-ty-dong-moi-ngay.htm
551,42,https://vneconomy.vn/nghe-an-thu-ngan-sach-hon-13-000-ty-dong-trong-6-thang.htm
552,42,https://vneconomy.vn/nghe-an-thu-ngan-sach-hon-3-000-ty-dong.htm
553,42,https://vneconomy.vn/nghe-an-trien-khai-chinh-sach-ho-tro-van-chuyen-hang-hoa-qua-cang-cua-lo.htm
554,42,https://vneconomy.vn/nghe-an-yeu-cau-cac-dia-phuong-ban-nganh-khong-ne-tranh-dun-day-lam-cham-tien-do-du-an-bat-dong-san.htm
555,42,https://vneconomy.vn/nguoi-dan-hai-phong-hao-huc-voi-le-duyet-doi-ngu-dieu-hanh-quan-chung.htm
556,42,https://vneconomy.vn/nguoi-dan-thanh-pho-thanh-hoa-co-muc-thu-nhap-binh-quan-hon-80-trieu-dong-nam.htm
557,42,https://vneconomy.vn/nguyen-nhan-kim-ngach-xuat-khau-cua-ha-tinh-giam-manh.htm
558,42,https://vneconomy.vn/nha-dau-tu-dien-gio-ngoai-khoi-tai-viet-nam-van-dang-mo-mam-trong-bong-toi.htm
559,42,https://vneconomy.vn/nha-may-1-3-ty-usd-sap-can-dich.htm
560,42,https://vneconomy.vn/nha-may-dien-rac-4-000-ty-cua-ha-noi-sap-chinh-thuc-hoat-dong.htm
561,42,https://vneconomy.vn/nhan-luc-la-chia-khoa-phat-trien-dien-hat-nhan-thanh-cong-va-hieu-qua.htm
562,42,https://vneconomy.vn/nhieu-chi-tieu-kinh-te-cua-hai-phong-tang-cao.htm
563,42,https://vneconomy.vn/nhieu-chi-tieu-kinh-te-cua-tinh-thanh-hoa-tang-manh.htm
564,42,https://vneconomy.vn/nhieu-cum-cong-nghiep-tai-cac-huyen-mien-nui-thanh-hoa-gap-kho.htm
565,42,https://vneconomy.vn/nhieu-dia-phuong-thu-bon-tien-tu-du-lich-trong-dip-nghi-le-2-9.htm
566,42,https://vneconomy.vn/nhieu-doanh-nghiep-dau-tu-vao-van-hoa-xa-hoi-tai-ha-noi-dang-gap-kho-khan.htm
567,42,https://vneconomy.vn/nhieu-doanh-nghiep-fdi-khong-ngoi-yen-cho-nguon-nhan-luc-chat-luong-cao.htm
568,42,https://vneconomy.vn/nhieu-doanh-nghiep-khai-khoang-tai-quang-tri-gap-kho.htm
569,42,https://vneconomy.vn/nhieu-doanh-nghiep-muon-dau-tu-nha-may-san-xuat-vien-nen-nang-luong-tai-quang-tri.htm
570,42,https://vneconomy.vn/nhieu-doanh-nghiep-ninh-binh-gap-kho-khan-ve-tai-chinh.htm
571,42,https://vneconomy.vn/nhieu-doanh-nghiep-tai-quang-binh-sai-pham-ve-moi-truong.htm
572,42,https://vneconomy.vn/nhieu-doanh-nghiep-tai-thanh-hoa-lam-viec-xuyen-tet.htm
573,42,https://vneconomy.vn/nhieu-doanh-nghiep-tai-thanh-hoa-soi-noi-ra-quan-san-xuat-dau-nam.htm
574,42,https://vneconomy.vn/nhieu-doanh-nghiep-tich-cuc-trien-khai-cac-chien-dich-the-hien-trach-nhiem-voi-cong-dong.htm
575,42,https://vneconomy.vn/nhieu-don-vi-tai-thanh-hoa-chua-giai-ngan-von-dau-tu-cong.htm
576,42,https://vneconomy.vn/nhieu-du-an-bi-thu-hoi-dat-do-doanh-nghiep-chay-y-no-thue.htm
577,42,https://vneconomy.vn/nhieu-du-an-dien-tai-hoa-binh-dang-gap-kho.htm
578,42,https://vneconomy.vn/nhieu-du-an-khu-cong-nghiep-tai-bac-ninh-gap-kho-vi-giai-phong-mat-bang.htm
579,42,https://vneconomy.vn/nhieu-du-an-lon-do-bo-vao-nghe-an.htm
580,42,https://vneconomy.vn/nhieu-du-an-lon-tai-ninh-binh-cap-tap-giai-ngan.htm
581,42,https://vneconomy.vn/nhieu-du-an-nghin-ty-tai-hue-bat-dau-trien-khai.htm
582,42,https://vneconomy.vn/nhieu-du-an-nghin-ty-tai-thanh-hoa-cham-tien-do-ca-thap-ky-van-cho-go-vuong.htm
583,42,https://vneconomy.vn/nhieu-hoat-dong-0-dong-ho-tro-ho-ngheo-sinh-vien-kho-khan-tai-ha-tinh.htm
584,42,https://vneconomy.vn/nhieu-ngan-hang-tiep-suc-cho-doanh-nghiep-quang-ninh-sau-sieu-bao.htm
585,42,https://vneconomy.vn/nhieu-sieu-du-an-do-bo-nghe-an.htm
586,42,https://vneconomy.vn/nhieu-su-kien-hap-dan-tai-festival-ninh-binh.htm
587,42,https://vneconomy.vn/nhieu-tinh-bac-trung-bo-cong-bo-muc-thuong-tet.htm
588,42,https://vneconomy.vn/nhieu-tinh-thanh-boi-thu-tu-du-lich-trong-dip-tet.htm
589,42,https://vneconomy.vn/nhieu-vuong-mac-khi-sap-xep-doanh-nghiep-100-von-nha-nuoc-tai-nghe-an.htm
590,42,https://vneconomy.vn/nhon-nhip-thong-quan-cua-khau-phia-bac-sau-tet-nguyen-dan.htm
591,42,https://vneconomy.vn/nhung-chinh-sach-ho-tro-doanh-nghiep-tai-thanh-hoa-vuot-bao.htm
592,42,https://vneconomy.vn/nhung-doanh-nghiep-nao-dang-no-luong-cua-hon-1-300-lao-dong-tai-thanh-hoa.htm
593,42,https://vneconomy.vn/nhung-hinh-anh-truoc-them-dien-dan-vietnam-connect-2024.htm
594,42,https://vneconomy.vn/nhung-khu-vuc-cua-tinh-quang-binh-dang-trai-tham-do-don-nha-dau-tu.htm
595,42,https://vneconomy.vn/nhung-phat-ngon-an-tuong-ve-chuyen-doi-xanh-tai-viet-nam.htm
596,42,https://vneconomy.vn/nhung-sieu-du-an-nghin-ty-sap-cap-ben-huyen-ven-bien-quang-tri.htm
597,42,https://vneconomy.vn/nhung-sieu-du-an-nghin-ty-tai-thua-thien-hue-sap-di-vao-hoat-dong.htm
598,42,https://vneconomy.vn/nhung-tin-hieu-kha-quan-tu-cac-doanh-nghiep-dong-tau.htm
599,42,https://vneconomy.vn/ninh-binh-don-gan-1-trieu-luot-khach-quoc-te-trong-5-thang.htm
600,42,https://vneconomy.vn/ninh-binh-giai-ngan-dau-tu-cong-dat-gan-80-ke-hoach.htm
601,42,https://vneconomy.vn/ninh-binh-khoi-cong-xay-dung-cum-cong-nghiep-63ha.htm
602,42,https://vneconomy.vn/ninh-binh-se-co-them-hang-nghin-can-nha-o-xa-hoi-trong-thoi-gian-toi.htm
603,42,https://vneconomy.vn/ninh-binh-siet-chat-khai-thac-vat-lieu-xay-dung-ngan-chan-viec-gam-hang-day-gia.htm
604,42,https://vneconomy.vn/ninh-binh-tang-toc-dau-tu-ha-tang-mo-rong-khong-gian-cong-nghiep.htm
605,42,https://vneconomy.vn/ninh-binh-thanh-hoa-cang-minh-chong-bao-so-3.htm
606,42,https://vneconomy.vn/ninh-binh-thieu-hang-chuc-trieu-m3-vat-lieu-xay-dung.htm
607,42,https://vneconomy.vn/ninh-binh-thuc-tien-do-du-an-hon-580-ty-dong.htm
608,42,https://vneconomy.vn/ninh-binh-thuong-tet-cao-nhat-100-trieu-thap-nhat-300-000d.htm
609,42,https://vneconomy.vn/ninh-binh-tim-ung-vien-cho-goi-thau-ngan-ty.htm
610,42,https://vneconomy.vn/ninh-binh-xuat-khau-hang-hoa-luy-ke-hon-3-ty-usd.htm
611,42,https://vneconomy.vn/no-luc-hoan-thien-he-sinh-thai-thanh-toan-khong-tien-mat.htm
612,42,https://vneconomy.vn/no-luc-vi-mot-viet-nam-xanh.htm
613,42,https://vneconomy.vn/no-thue-98-ty-doanh-nghiep-bi-thu-hoi-gan-3-000m2-dat-du-an.htm
614,42,https://vneconomy.vn/no-thue-qua-han-2-doanh-nghiep-det-may-bi-cuong-che-ngung-su-dung-hoa-don.htm
615,42,https://vneconomy.vn/nong-nghiep-hai-phong-cat-canh-sau-sap-nhap.htm
616,42,https://vneconomy.vn/nong-nghiep-van-la-tru-cot-kinh-te-cua-thai-binh.htm
617,42,https://vneconomy.vn/nong-tinh-trang-o-nhiem-moi-truong-tu-cac-trang-trai-chan-nuoi-lon.htm
618,42,https://vneconomy.vn/nuoc-cac-song-tiep-tuc-dang-cao-ninh-binh-thanh-hoa-trien-khai-phuong-an-ho-de.htm
619,42,https://vneconomy.vn/open-banking-tuong-lai-sang-cua-nganh-ngan-hang-tai-viet-nam.htm
620,42,https://vneconomy.vn/petro-lao-rot-gan-600-ty-dong-lam-du-an-tai-quang-binh.htm
621,42,https://vneconomy.vn/pha-o-nhom-rua-tien-hon-500-ty-cho-nha-cai-nuoc-ngoai.htm
622,42,https://vneconomy.vn/phat-dong-450-ngay-cao-diem-dua-du-an-san-bay-long-thanh-ve-dich-cuoi-nam-2025.htm
623,42,https://vneconomy.vn/phat-dong-giai-bao-chi-vi-mot-hai-phong-phat-trien.htm
624,42,https://vneconomy.vn/phat-hien-gan-6-5-tan-thuc-pham-khong-ro-nguon-goc-tai-thanh-pho-hoa-lu.htm
625,42,https://vneconomy.vn/phat-trien-nang-luong-tai-tao-xanh-sach-nen-tang-cho-tang-truong-kinh-te-trong-dai-han.htm
626,42,https://vneconomy.vn/phe-duyet-chu-truong-dau-tu-hoan-thien-ham-than-vu-tri-gia-hon-2-100-ty-dong.htm
627,42,https://vneconomy.vn/phong-su-anh-chuan-bi-nang-luong-du-manh-de-viet-nam-but-pha-trong-ky-nguyen-moi.htm
628,42,https://vneconomy.vn/phong-su-anh-chuyen-gia-hien-ke-de-khoi-tao-nen-kinh-te-moi.htm
629,42,https://vneconomy.vn/phong-su-anh-chuyen-gia-hien-ke-de-viet-nam-phat-trien-nang-luong-xanh-huong-toi-net-zero.htm
630,42,https://vneconomy.vn/phong-su-anh-chuyen-gia-nha-quan-ly-va-doanh-nghiep-hop-luc-tim-lo-trinh-cho-cong-nghiep-xanh-ben-vung.htm
631,42,https://vneconomy.vn/phong-su-anh-doanh-nghiep-tu-hao-khi-duoc-xuong-ten-tai-chuong-trinh-thuong-hieu-manh-viet-nam-2024.htm
632,42,https://vneconomy.vn/phong-su-anh-nhan-dien-kho-khan-trong-thuc-thi-kinh-te-tuan-hoan-tai-viet-nam.htm
633,42,https://vneconomy.vn/phong-su-anh-nhung-goc-nhin-da-chieu-ve-buc-tranh-kinh-te-quy-1-2024.htm
634,42,https://vneconomy.vn/phong-su-anh-nhung-sac-thai-kinh-te-mua-he-2024-qua-goc-nhin-cua-cac-chuyen-gia.htm
635,42,https://vneconomy.vn/phong-su-anh-rong-vang-2025-diem-danh-nhung-thuong-hieu-tien-phong-tren-lo-trinh-phat-trien-xanh-ben-vung.htm
636,42,https://vneconomy.vn/phu-quoc-dau-tu-3-200-ty-xay-duong-ven-bien.htm
637,42,https://vneconomy.vn/phu-tho-da-tieu-huy-tren-2-100-tan-thit-lon-nhiem-dich-ta-chau-phi.htm
638,42,https://vneconomy.vn/phu-tho-thuc-tien-do-nhieu-du-an-lon.htm
639,42,https://vneconomy.vn/pvcfc-lan-thu-5-duoc-vinh-danh-doanh-nghiep-tieu-bieu-vi-nguoi-lao-dong.htm
640,42,https://vneconomy.vn/pvcfc-voi-chien-luoc-phat-trien-loi-tao-be-phong-tang-truong-dai-han-cho-dam-ca-mau-dmc.htm
641,42,https://vneconomy.vn/pvfcco-phu-my-day-manh-xuat-nhap-khau-phan-bon-mo-rong-thi-truong-va-da-dang-hoa-nguon-cung.htm
642,42,https://vneconomy.vn/quan-cau-giay-khen-thuong-250-doanh-nghiep.htm
643,42,https://vneconomy.vn/quang-binh-can-dich-muc-tieu-xuat-khau-lao-dong.htm
644,42,https://vneconomy.vn/quang-binh-cap-tap-giai-phong-mat-bang-du-an-cao-toc-bac-nam.htm
645,42,https://vneconomy.vn/quang-binh-chi-100-ty-khac-phuc-khan-cap-sat-lo-bo-bien.htm
646,42,https://vneconomy.vn/quang-binh-cong-bo-ket-qua-lay-phieu-tin-nhiem-doi-voi-30-chuc-danh-chu-chot.htm
647,42,https://vneconomy.vn/quang-binh-dang-tim-nha-dau-tu-cho-hai-du-an-khu-do-thi-nghin-ty.htm
648,42,https://vneconomy.vn/quang-binh-danh-hon-37-ty-dong-cham-lo-tet-cho-cac-gia-dinh-chinh-sach-va-ho-ngheo.htm
649,42,https://vneconomy.vn/quang-binh-dat-kpi-giai-quyet-vuong-mac-cho-cac-du-an-thuoc-trung-tam-dien-luc-quang-trach.htm
650,42,https://vneconomy.vn/quang-binh-dinh-doat-so-phan-du-an-15-trieu-usd.htm
651,42,https://vneconomy.vn/quang-binh-du-kien-sap-xep-con-duoi-30-don-vi-cap-xa-tp-dong-hoi-con-2-phuong.htm
652,42,https://vneconomy.vn/quang-binh-giai-quyet-nhieu-kien-nghi-nong-cua-doanh-nghiep.htm
653,42,https://vneconomy.vn/quang-binh-lap-3-to-dac-nhiem-go-kho-cho-cac-du-an-dau-tu.htm
654,42,https://vneconomy.vn/quang-binh-quang-tri-thuc-tien-do-du-an-ha-tang-co-ban-cho-phat-trien-toan-dien.htm
655,42,https://vneconomy.vn/quang-binh-sap-to-chuc-le-ky-niem-420-nam-hinh-thanh-tinh.htm
656,42,https://vneconomy.vn/quang-binh-se-thu-hon-2-700-ty-dong-tien-su-dung-dat.htm
657,42,https://vneconomy.vn/quang-binh-thu-ngan-sach-dang-hut-hoi.htm
658,42,https://vneconomy.vn/quang-binh-thu-ngan-sach-tang-gan-35.htm
659,42,https://vneconomy.vn/quang-binh-thuc-tien-do-du-an-y-te-hon-7-trieu-usd.htm
660,42,https://vneconomy.vn/quang-binh-tim-nha-dau-tu-cho-du-an-do-thi-hon-20ha.htm
661,42,https://vneconomy.vn/quang-binh-vuon-len-top-dau-chi-so-phuc-vu-nguoi-dan-doanh-nghiep.htm
662,42,https://vneconomy.vn/quang-nam-cham-dut-da-tang-truong-am.htm
663,42,https://vneconomy.vn/quang-nam-muon-nang-tam-cong-nghiep-sinh-hoc.htm
664,42,https://vneconomy.vn/quang-nam-muon-trong-10-000ha-ngoc-linh.htm
665,42,https://vneconomy.vn/quang-ngai-giai-dap-thac-mac-cua-nguoi-dan-ve-nha-may-thuoc-dien-giam-sat-dac-biet.htm
666,42,https://vneconomy.vn/quang-ngai-thuc-tien-do-du-an-giao-thong-co-von-dau-tu-hon-3-500-ty.htm
667,42,https://vneconomy.vn/quang-ninh-co-them-2-du-an-fdi-von-dau-tu-tren-330-trieu-usd.htm
668,42,https://vneconomy.vn/quang-ninh-dat-kpi-thu-14-720-ty-tu-du-lich-trong-quy-2-2025.htm
669,42,https://vneconomy.vn/quang-ninh-don-vi-khach-quoc-te-thu-3-trieu.htm
670,42,https://vneconomy.vn/quang-ninh-dung-trong-top-dau-ca-nuoc-ve-tang-truong-kinh-te.htm
671,42,https://vneconomy.vn/quang-ninh-gap-rut-hoan-thanh-co-ban-1-600-can-ho-nha-o-xa-hoi-trong-nam-2023.htm
672,42,https://vneconomy.vn/quang-ninh-hai-phong-no-luc-phong-chong-buon-lau-gian-lan-thuong-mai.htm
673,42,https://vneconomy.vn/quang-ninh-hai-phong-thang-dam-4-ngay-nghi-le.htm
674,42,https://vneconomy.vn/quang-ninh-hang-hoa-phuc-vu-tet-nguyen-dan-2024.htm
675,42,https://vneconomy.vn/quang-ninh-khoi-phuc-nuoi-trong-thuy-hai-san-sau-sieu-bao.htm
676,42,https://vneconomy.vn/quang-ninh-muon-don-20-trieu-luot-khach-thu-50-000-ty-tu-du-lich.htm
677,42,https://vneconomy.vn/quang-ninh-quyet-tam-duy-tri-tang-truong.htm
678,42,https://vneconomy.vn/quang-ninh-sap-don-du-19-trieu-luot-du-khach.htm
679,42,https://vneconomy.vn/quang-ninh-than-toc-trong-chuyen-doi-so.htm
680,42,https://vneconomy.vn/quang-ninh-thu-ngan-sach-dat-gan-44-000-ty.htm
681,42,https://vneconomy.vn/quang-ninh-thuc-day-kinh-te-thuy-san-ben-vung.htm
682,42,https://vneconomy.vn/quang-ninh-tiep-tuc-giu-vi-tri-quan-quan-thu-hut-fdi.htm
683,42,https://vneconomy.vn/quang-ninh-van-mat-dien-tren-dien-rong-may-phat-dien-mini-chay-hang.htm
684,42,https://vneconomy.vn/quang-ninh-voi-muc-tieu-tro-thanh-trung-tam-thuy-san-mien-bac.htm
685,42,https://vneconomy.vn/quang-tri-bat-giu-so-luong-lon-hang-hoa-nhap-lau.htm
686,42,https://vneconomy.vn/quang-tri-co-them-du-an-gan-2-700-ty-dong.htm
687,42,https://vneconomy.vn/quang-tri-cong-khai-danh-tinh-nhieu-giam-doc-doanh-nghiep-bi-tam-hoan-xuat-canh.htm
688,42,https://vneconomy.vn/quang-tri-danh-320-ty-dong-khoi-phuc-san-xuat-sau-mua-lu-bat-thuong.htm
689,42,https://vneconomy.vn/quang-tri-de-xuat-bo-sung-hon-16-000-mw-vao-quy-hoach-dien-viii.htm
690,42,https://vneconomy.vn/quang-tri-de-xuat-cac-du-an-su-dung-von-chuong-trinh-chuyen-doi-no-viet-nam-italia.htm
691,42,https://vneconomy.vn/quang-tri-gap-rut-giai-phong-mat-bang-cho-hai-du-an-giao-thong-trong-diem.htm
692,42,https://vneconomy.vn/quang-tri-hang-nghin-nha-dan-bi-ngap-nuoc.htm
693,42,https://vneconomy.vn/quang-tri-hut-hon-2-500-ty-dong-von-dau-tu-trong-thang-7.htm
694,42,https://vneconomy.vn/quang-tri-keu-goi-dau-tu-vao-nhieu-khu-du-lich-sinh-thai.htm
695,42,https://vneconomy.vn/quang-tri-kien-nghi-chinh-phu-ho-tro-250-ty-dong-bu-dap-so-giam-thu-ngan-sach.htm
696,42,https://vneconomy.vn/quang-tri-kien-nghi-cu-dan-bien-gioi-duoc-dung-can-cuoc-cong-dan-de-xuat-nhap-canh.htm
697,42,https://vneconomy.vn/quang-tri-mo-cang-bien-du-lich-dau-tien.htm
698,42,https://vneconomy.vn/quang-tri-mo-da-chua-tham-do-trung-dau-gia-gan-500-ti-dong.htm
699,42,https://vneconomy.vn/quang-tri-muon-thuc-day-kinh-te-dem.htm
700,42,https://vneconomy.vn/quang-tri-nhan-huan-chuong-lao-dong-hang-nhat-cua-lao.htm
701,42,https://vneconomy.vn/quang-tri-rot-100-ty-xay-dung-cac-tuyen-ke-chong-xoi-lo-khan-cap-bo-song-thach-han.htm
702,42,https://vneconomy.vn/quang-tri-san-xuat-cong-nghiep-tang-giam-nhip-nhang.htm
703,42,https://vneconomy.vn/quang-tri-sap-co-tuyen-duong-gan-90-ty-noi-cang-hang-khong-voi-quoc-lo-1.htm
704,42,https://vneconomy.vn/quang-tri-sap-them-nhieu-du-an-tram-ty.htm
705,42,https://vneconomy.vn/quang-tri-tap-trung-go-kho-cho-du-an-hon-5-800-ty-dong.htm
706,42,https://vneconomy.vn/quang-tri-tap-trung-go-kho-cho-du-an-trong-diem-hon-2-000-ty-dong.htm
707,42,https://vneconomy.vn/quang-tri-thanh-lap-to-dac-nhiem-ho-tro-chu-dau-tu-du-an-hon-4-500-ty.htm
708,42,https://vneconomy.vn/quang-tri-thong-qua-14-nghi-quyet-lon.htm
709,42,https://vneconomy.vn/quang-tri-thuc-giai-ngan-von-dau-tu-cong.htm
710,42,https://vneconomy.vn/quang-tri-thuc-tien-do-51-khu-tai-dinh-cu-du-an-duong-sat-cao-toc.htm
711,42,https://vneconomy.vn/quang-tri-thuc-tien-do-du-an-hon-2-000-ty.htm
712,42,https://vneconomy.vn/quang-tri-thuc-tien-do-du-an-hon-4-500-ty-dong.htm
713,42,https://vneconomy.vn/quang-tri-thuc-tien-do-giai-phong-mat-bang-du-an-5-800-ty.htm
714,42,https://vneconomy.vn/quang-tri-thuc-tien-do-giai-phong-mat-bang-du-an-cao-toc-doan-van-ninh-cam-lo.htm
715,42,https://vneconomy.vn/quang-tri-tim-giai-phap-go-kho-cho-cac-du-an.htm
716,42,https://vneconomy.vn/quang-tri-tim-giai-phap-phat-trien-khu-vuc-cua-khau-quoc-te-la-lay.htm
717,42,https://vneconomy.vn/quang-tri-trien-khai-du-an-khu-cang-can-tai-bien-gioi-viet-lao.htm
718,42,https://vneconomy.vn/quang-tri-va-mukdahan-ky-ket-hop-tac-kinh-te.htm
719,42,https://vneconomy.vn/quy-hoach-chung-do-thi-lam-son-sao-vang-voi-8-khu-vuc-chinh.htm
720,42,https://vneconomy.vn/quy-hoach-do-thi-du-lich-bien-hai-ninh-tao-don-bay-thu-hut-dau-tu.htm
721,42,https://vneconomy.vn/quy-hoach-quang-tri-tro-thanh-trung-tam-hau-can-cua-khu-vuc-dong-nam-a.htm
722,42,https://vneconomy.vn/quy-hoach-quy-hop-la-vung-kinh-te-tong-hop-cua-tinh-nghe-an.htm
723,42,https://vneconomy.vn/quy-hoach-tinh-thai-binh-lan-bien-de-mo-ra-khong-gian-phat-trien-moi.htm
724,42,https://vneconomy.vn/quy-hoach-trieu-phong-voi-nhieu-vung-kinh-te.htm
725,42,https://vneconomy.vn/ra-mat-tap-chi-hang-khong.htm
726,42,https://vneconomy.vn/ra-mat-trung-tam-logistics-quoc-te-bac-giang.htm
727,42,https://vneconomy.vn/ra-mat-trung-tam-xuc-tien-dau-tu-thuong-mai-va-du-lich-tinh-ninh-thuan.htm
728,42,https://vneconomy.vn/rang-dong-ky-niem-60-nam-ngay-chu-tich-ho-chi-minh-ve-tham-nha-may.htm
729,42,https://vneconomy.vn/ruc-rich-khoi-cong-dai-sieu-thi-lon-nhat-mien-trung-tai-khu-dat-vang-vua-dau-gia.htm
730,42,https://vneconomy.vn/rut-ngan-khoang-cach-giua-nhan-thuc-va-hanh-dong-trong-doanh-nghiep-ve-chuyen-doi-xanh.htm
731,42,https://vneconomy.vn/san-bay-tan-son-nhat-du-kien-don-hon-4-trieu-khach-dip-tet-nguyen-dan-2025.htm
732,42,https://vneconomy.vn/san-bay-tho-xuan-qua-tai-xuong-cap-can-som-duoc-nang-cap.htm
733,42,https://vneconomy.vn/san-ve-concert-em-xinh-say-hi-sieu-de-cung-tpbank.htm
734,42,https://vneconomy.vn/san-xuat-cong-nghiep-cua-thanh-hoa-dang-am-len.htm
735,42,https://vneconomy.vn/san-xuat-cong-nghiep-ha-tinh-hoi-suc.htm
736,42,https://vneconomy.vn/san-xuat-mo-to-tai-hai-phong-tang-soc-644.htm
737,42,https://vneconomy.vn/sap-cau-phong-chau-tai-phu-tho.htm
738,42,https://vneconomy.vn/sap-chat-van-ve-tien-do-giai-ngan-von-dau-tu-cong-tai-thanh-hoa.htm
739,42,https://vneconomy.vn/sap-cuong-che-du-an-tram-ty-tren-dat-vang-thanh-hoa.htm
740,42,https://vneconomy.vn/sap-dau-gia-388-lo-biet-thu-va-lien-ke-tai-trung-tam-thanh-pho-sam-son.htm
741,42,https://vneconomy.vn/sap-dau-gia-400-lo-dat-vang-tinh-thanh-hoa-yeu-cau-tuyet-doi-khong-loi-ich-nhom.htm
742,42,https://vneconomy.vn/sap-dien-ra-le-hoi-chung-ta-la-mot-danh-cho-300-000-nguoi-viet-tai-han-quoc.htm
743,42,https://vneconomy.vn/sap-dien-ra-tuan-van-hoa-du-lich-dien-bien-thanh-hoa.htm
744,42,https://vneconomy.vn/sap-khai-tu-du-an-gan-2-700-ty-dong-sau-hon-nua-thap-ky-dap-chieu.htm
745,42,https://vneconomy.vn/sap-khoi-cong-du-an-cang-hang-khong-quang-tri.htm
746,42,https://vneconomy.vn/sap-khoi-cong-nha-may-2-ty-usd-tai-thai-binh.htm
747,42,https://vneconomy.vn/sap-nhap-huyen-dong-son-vao-thanh-pho-thanh-hoa-den-giai-doan-nuoc-rut.htm
748,42,https://vneconomy.vn/sap-thanh-tra-du-an-cai-tao-cong-vien-lon-nhat-thanh-hoa.htm
749,42,https://vneconomy.vn/sap-xep-lai-hon-2-500-don-vi-su-nghiep-cong-lap-tai-thanh-hoa.htm
750,42,https://vneconomy.vn/sau-giai-phap-phat-trien-nhanh-va-ben-vung-nganh-nang-luong.htm
751,42,https://vneconomy.vn/sau-sap-nhap-hai-phong-giam-muc-tieu-tang-truong-grdp-2025.htm
752,42,https://vneconomy.vn/sau-sap-nhap-hai-phong-to-chuc-hoi-nghi-xuc-tien-dau-tu-lon-nhat-tu-truoc-den-nay.htm
753,42,https://vneconomy.vn/sau-sap-nhap-hung-yen-thu-ngan-sach-dat-hon-61-607-ty-dong.htm
754,42,https://vneconomy.vn/sau-sap-nhap-thai-nguyen-chi-hon-500-ty-dong-ho-tro-thuc-day-nganh-che.htm
755,42,https://vneconomy.vn/sau-tet-nhieu-doanh-nghiep-lon-tai-thanh-hoa-khat-lao-dong.htm
756,42,https://vneconomy.vn/schneider-electric-cong-bo-bao-cao-phat-trien-ben-vung-thuong-nien-viet-nam-2024.htm
757,42,https://vneconomy.vn/se-bo-sung-mo-rong-diem-dung-khan-cap-tai-cao-toc-cam-lo-la-son.htm
758,42,https://vneconomy.vn/sieu-du-an-do-thi-gan-13-000-ty-phia-bac-thanh-pho-thanh-hoa-dang-trien-khai-nhu-the-nao.htm
759,42,https://vneconomy.vn/sieu-du-an-khu-ben-cang-my-thuy-con-vuong-mac-tai-dau.htm
760,42,https://vneconomy.vn/sieu-du-an-quy-mo-7-000-ty-loay-hoay-vi-vuong-5-5-trieu-khoi-dat-doi-du.htm
761,42,https://vneconomy.vn/so-luong-doanh-nghiep-giai-the-tai-thanh-hoa-tang-manh.htm
762,42,https://vneconomy.vn/so-luong-doanh-nghiep-thong-bao-giai-the-tai-thanh-hoa-tang-manh.htm
763,42,https://vneconomy.vn/so-luong-du-an-dau-tu-vao-thanh-hoa-tang-gap-doi.htm
764,42,https://vneconomy.vn/so-luong-lao-dong-huong-tro-cap-that-nghiep-tai-thanh-hoa-tang-manh.htm
765,42,https://vneconomy.vn/soi-dong-xuat-nhap-khau-bien-mau-viet-trung-dip-giap-tet-nguyen-dan.htm
766,42,https://vneconomy.vn/su-thay-doi-ve-thi-phan-o-to-dien-toan-cau-sau-hon-5-nam.htm
767,42,https://vneconomy.vn/suc-khoe-doanh-nghiep-la-yeu-to-quyet-dinh-su-phat-trien-cua-da-nang.htm
768,42,https://vneconomy.vn/tang-4-bac-trong-bang-xep-hang-thuc-pham-toan-cau-vinamilk-khang-dinh-suc-manh-thuong-hieu-viet.htm
769,42,https://vneconomy.vn/tang-cuong-ha-tang-cang-bien-nghi-son-de-kinh-te-thanh-hoa-but-toc.htm
770,42,https://vneconomy.vn/tang-cuong-ket-noi-dau-tu-thuong-mai-giua-tinh-thanh-hoa-va-italia.htm
771,42,https://vneconomy.vn/tang-cuong-ket-noi-quoc-te-tao-be-phong-cho-cac-doanh-nghiep-sme-viet-nam.htm
772,42,https://vneconomy.vn/tang-toc-thi-cong-5-du-an-cao-toc-bac-nam-phia-dong-tai-mien-trung.htm
773,42,https://vneconomy.vn/tang-truong-grdp-cua-quang-binh-dung-thu-29-ca-nuoc.htm
774,42,https://vneconomy.vn/tang-truong-xanh-can-thoi-gian-von-dau-tu-lon-va-su-kien-tri.htm
775,42,https://vneconomy.vn/tang-ty-le-von-nha-nuoc-tai-du-an-cao-toc-cam-lo-lao-bao.htm
776,42,https://vneconomy.vn/tap-chi-kinh-te-viet-nam-ra-mat-chuyen-muc-sach-moi-phuc-vu-doanh-nghiep-doanh-nhan.htm
777,42,https://vneconomy.vn/tap-chi-kinh-te-viet-nam-tri-an-doi-tac-gioi-thieu-san-pham-chien-luoc-ung-dung-ai-tao-sinh.htm
778,42,https://vneconomy.vn/tap-doan-nao-se-duoc-thanh-hoa-cham-de-xay-sieu-du-an-2-5-ty-usd.htm
779,42,https://vneconomy.vn/tap-doan-than-khoang-san-viet-nam-kien-nghi-quang-ninh-thao-go-nhieu-vuong-mac.htm
780,42,https://vneconomy.vn/techfest-viet-nam-2024-thuc-day-he-sinh-thai-khoi-nghiep-sang-tao.htm
781,42,https://vneconomy.vn/tet-nguyen-dan-tphcm-thu-hon-6-500-ty-dong-tu-du-lich.htm
782,42,https://vneconomy.vn/thach-thuc-lon-tren-lo-trinh-mo-cua-cua-ngan-hang-viet-nam.htm
783,42,https://vneconomy.vn/thai-binh-gia-nhap-cau-lac-bo-ty-do-ve-thu-hut-dau-tu-fdi.htm
784,42,https://vneconomy.vn/thai-binh-khoi-cong-du-an-co-von-dau-tu-hon-4-900-ty.htm
785,42,https://vneconomy.vn/thai-binh-sap-nhap-hung-yen-huong-toi-nen-kinh-te-nong-nghiep-top-1-dong-bang-song-hong.htm
786,42,https://vneconomy.vn/thai-binh-xuc-tien-dau-tu-tai-phap.htm
787,42,https://vneconomy.vn/thai-nguyen-dat-muc-tieu-co-11-600-doanh-nghiep.htm
788,42,https://vneconomy.vn/thai-nguyen-don-luc-day-nhanh-nhieu-du-an-lon.htm
789,42,https://vneconomy.vn/thai-nguyen-sot-sang-tim-nha-dau-tu-cho-hang-loat-du-an-lon.htm
790,42,https://vneconomy.vn/thang-5-hai-quan-hai-phong-thu-ngan-sach-dat-7-000-ty.htm
791,42,https://vneconomy.vn/thanh-hoa-ban-giai-phap-giup-doanh-nghiep-tiep-can-von.htm
792,42,https://vneconomy.vn/thanh-hoa-cam-cua-mot-doanh-nghiep-dung-tieu-xao-tham-gia-dau-thau.htm
793,42,https://vneconomy.vn/thanh-hoa-cham-dut-du-an-19-nam-dap-chieu.htm
794,42,https://vneconomy.vn/thanh-hoa-chi-nhieu-ty-ho-tro-van-hanh-pho-di-bo.htm
795,42,https://vneconomy.vn/thanh-hoa-chon-tap-doan-nuoc-ngoai-lam-khu-cong-nghiep-1-450-ty.htm
796,42,https://vneconomy.vn/thanh-hoa-chuyen-dieu-tra-khoi-to-gan900-vu-buon-lau-gian-lan-thuong-mai.htm
797,42,https://vneconomy.vn/thanh-hoa-co-14-san-pham-cong-nghiep-tang-cao-so-voi-cung-ky.htm
798,42,https://vneconomy.vn/thanh-hoa-co-gan-4-800-doanh-nghiep-bat-dong-san.htm
799,42,https://vneconomy.vn/thanh-hoa-co-hon-300-doanh-nghiep-thanh-lap-moi.htm
800,42,https://vneconomy.vn/thanh-hoa-co-hon-900-doanh-nghiep-dang-ky-quay-tro-lai-hoat-dong.htm
801,42,https://vneconomy.vn/thanh-hoa-cong-bo-het-dich-bach-hau.htm
802,42,https://vneconomy.vn/thanh-hoa-cong-khai-danh-tinh-9-giam-doc-doanh-nghiep-bi-tam-hoan-xuat-canh.htm
803,42,https://vneconomy.vn/thanh-hoa-cong-khai-danh-tinh-nhung-doanh-nghiep-no-thue-lon-keo-dai.htm
804,42,https://vneconomy.vn/thanh-hoa-cong-nhan-10-san-pham-cong-nghiep-nong-thon-tieu-bieu.htm
805,42,https://vneconomy.vn/thanh-hoa-dang-dung-o-dau-trong-ban-do-doi-moi-sang-tao-quoc-gia.htm
806,42,https://vneconomy.vn/thanh-hoa-danh-tinh-10-giam-doc-doanh-nghiep-bi-cam-xuat-canh.htm
807,42,https://vneconomy.vn/thanh-hoa-dao-tao-nghe-cho-hon-9-000-lao-dong-dan-toc-thieu-so-ho-ngheo-ho-can-ngheo.htm
808,42,https://vneconomy.vn/thanh-hoa-dat-muc-tieu-co-40-000-doanh-nghiep-hoat-dong-vao-nam-2030.htm
809,42,https://vneconomy.vn/thanh-hoa-dat-muc-tieu-den-ngay-30-6-giai-ngan-it-nhat-50-von-dau-tu-cong.htm
810,42,https://vneconomy.vn/thanh-hoa-dat-vang-hon-10ha-du-kien-xay-dai-sieu-thi-lon-nhat-mien-trung-ve-tay-ai.htm
811,42,https://vneconomy.vn/thanh-hoa-don-dap-dau-gia-dat-truoc-thoi-diem-bo-cap-huyen.htm
812,42,https://vneconomy.vn/thanh-hoa-du-chi-gan-430-ty-khac-phuc-cac-cong-trinh-bi-thiet-hai-do-thien-tai.htm
813,42,https://vneconomy.vn/thanh-hoa-du-kien-dau-tu-12-000-ty-xay-khu-du-lich-nua.htm
814,42,https://vneconomy.vn/thanh-hoa-duyet-quy-hoach-do-thi-quy-mo-1-652-ha-ben-bo-song-ma.htm
815,42,https://vneconomy.vn/thanh-hoa-giai-ngan-hon-460-ty-dong-dau-tu-co-so-ha-tang-tai-5-huyen-bien-gioi.htm
816,42,https://vneconomy.vn/thanh-hoa-giai-quyet-viec-lam-cho-gan-20-000-lao-dong.htm
817,42,https://vneconomy.vn/thanh-hoa-giai-quyet-viec-lam-cho-hon-36-000-lao-dong-trong-7-thang.htm
818,42,https://vneconomy.vn/thanh-hoa-gianh-ngoi-a-quan-tren-bang-xep-hang-fta-index.htm
819,42,https://vneconomy.vn/thanh-hoa-go-kho-cho-du-an-hon-3-300-ty-cham-tien-do.htm
820,42,https://vneconomy.vn/thanh-hoa-hai-qua-ngot-tu-chuyen-doi-so.htm
821,42,https://vneconomy.vn/thanh-hoa-hanh-trinh-cai-thien-cac-chi-so-phat-trien.htm
822,42,https://vneconomy.vn/thanh-hoa-hien-co-80-du-an-khu-do-thi-dang-duoc-dau-tu-xay-dung.htm
823,42,https://vneconomy.vn/thanh-hoa-ho-tro-doanh-nghiep-no-luc-dat-muc-tieu-xuat-khau.htm
824,42,https://vneconomy.vn/thanh-hoa-hoa-binh-bat-tay-khoi-dong-du-an-15-400-ty.htm
825,42,https://vneconomy.vn/thanh-hoa-hon-800-doanh-nghiep-tam-ngung-kinh-doanh-trong-quy-1-2025.htm
826,42,https://vneconomy.vn/thanh-hoa-huong-toi-muc-tieu-1-000-san-pham-ocop.htm
827,42,https://vneconomy.vn/thanh-hoa-hut-10-000-ty-von-dau-tu-trong-5-thang.htm
828,42,https://vneconomy.vn/thanh-hoa-huy-dong-gan-5-500-ty-xay-dung-nong-thon-moi.htm
829,42,https://vneconomy.vn/thanh-hoa-khai-hoi-bao-xuan.htm
830,42,https://vneconomy.vn/thanh-hoa-khan-hiem-dat-da-day-gia-tang-chong-mat.htm
831,42,https://vneconomy.vn/thanh-hoa-khoi-cong-cum-cong-nghiep-70ha.htm
832,42,https://vneconomy.vn/thanh-hoa-khoi-dong-nhieu-du-an-xay-dung-duong-nghin-ty.htm
833,42,https://vneconomy.vn/thanh-hoa-khuyen-cao-nguoi-dan-khong-nen-pha-bo-o-at-cay-thoat-ngheo.htm
834,42,https://vneconomy.vn/thanh-hoa-kich-hoat-du-an-55-trieu-usd.htm
835,42,https://vneconomy.vn/thanh-hoa-kien-tao-san-choi-lon-cho-he-sinh-thai-sumitomo.htm
836,42,https://vneconomy.vn/thanh-hoa-kim-ngach-xuat-nhap-khau-can-moc-11-ty-usd.htm
837,42,https://vneconomy.vn/thanh-hoa-len-chien-luoc-doi-ngoai-xuc-tien-dau-tu-thuong-mai-va-du-lich.htm
838,42,https://vneconomy.vn/thanh-hoa-lien-tiep-to-chuc-13-phien-dau-gia-361-lo-dat.htm
839,42,https://vneconomy.vn/thanh-hoa-lot-top-3-dia-phuong-cai-cach-nhat-sau-20-nam-danh-gia-pci.htm
840,42,https://vneconomy.vn/thanh-hoa-mien-phi-toan-bo-dich-vu-cong-truc-tuyen.htm
841,42,https://vneconomy.vn/thanh-hoa-mo-dat-rong-10ha-sap-dau-gia-quyen-khai-thac-muc-khoi-diem-gan-1-9-ty-dong.htm
842,42,https://vneconomy.vn/thanh-hoa-muon-dua-gao-chat-luong-cao-toi-tay-khach-hang-nhat-my.htm
843,42,https://vneconomy.vn/thanh-hoa-muon-tang-truong-tren-11.htm
844,42,https://vneconomy.vn/thanh-hoa-nang-von-dau-tu-nhieu-du-an-giao-thong-trong-diem.htm
845,42,https://vneconomy.vn/thanh-hoa-ngan-chan-lao-dong-chui.htm
846,42,https://vneconomy.vn/thanh-hoa-nhieu-benh-vien-kho-khan-sau-khi-tu-chu-tai-chinh.htm
847,42,https://vneconomy.vn/thanh-hoa-nhieu-chi-so-kinh-te-vi-mo-tang-truong-tot-trong-thang-7.htm
848,42,https://vneconomy.vn/thanh-hoa-nut-that-0-7-km-tai-du-an-giao-thong-nghin-ty.htm
849,42,https://vneconomy.vn/thanh-hoa-phat-nang-hai-doanh-nghiep-vi-pham-moi-truong.htm
850,42,https://vneconomy.vn/thanh-hoa-phat-trien-do-thi-bien-rong-2-500ha-dan-so-60-000-nguoi.htm
851,42,https://vneconomy.vn/thanh-hoa-quy-hoach-do-thi-dich-vu-hang-khong-quy-mo-gan-3-000-ha.htm
852,42,https://vneconomy.vn/thanh-hoa-ra-de-bai-cho-nha-dau-tu-du-an-450ha-von-dau-tu-1-700-ty.htm
853,42,https://vneconomy.vn/thanh-hoa-rot-rao-tim-ung-vien-cho-goi-thau-thuoc-du-an-gan-1-500-ty.htm
854,42,https://vneconomy.vn/thanh-hoa-sap-co-them-khu-cong-nghiep-da-nganh-hon-700ha.htm
855,42,https://vneconomy.vn/thanh-hoa-sap-co-them-khu-cong-nghiep-gan-350ha.htm
856,42,https://vneconomy.vn/thanh-hoa-sap-co-them-nha-may-che-bien-nong-lam-san-hon-100-ty.htm
857,42,https://vneconomy.vn/thanh-hoa-sap-co-them-nha-may-gan-200-ty-san-xuat-do-choi-dien-tu.htm
858,42,https://vneconomy.vn/thanh-hoa-sap-dau-gia-hon-1-000-lo-dat.htm
859,42,https://vneconomy.vn/thanh-hoa-sap-dau-gia-hon-200-lo-dat-tai-vi-tri-dac-dia.htm
860,42,https://vneconomy.vn/thanh-hoa-sap-khoi-cong-sieu-du-an-to-hop-hoa-chat-12-000-ty.htm
861,42,https://vneconomy.vn/thanh-hoa-sap-thanh-tra-nhieu-doanh-nghiep-quoc-doanh-du-an-dau-tu-cong.htm
862,42,https://vneconomy.vn/thanh-hoa-sap-them-hai-nha-may-giup-hang-ngan-lao-dong-mien-nui-co-viec.htm
863,42,https://vneconomy.vn/thanh-hoa-sap-them-nha-may-may-mac-hon-27-000m2.htm
864,42,https://vneconomy.vn/thanh-hoa-se-chi-con-166-don-vi-hanh-chinh-cap-xa.htm
865,42,https://vneconomy.vn/thanh-hoa-se-khong-giao-dat-cho-thue-dat-doi-voi-doanh-nghiep-no-dong-tien-thue.htm
866,42,https://vneconomy.vn/thanh-hoa-siet-tien-do-xu-ly-500-tru-so-doi-du.htm
867,42,https://vneconomy.vn/thanh-hoa-soi-dong-thi-truong-viec-lam.htm
868,42,https://vneconomy.vn/thanh-hoa-tap-trung-ra-soat-kiem-tra-toan-dien-cac-mo-khoang-san.htm
869,42,https://vneconomy.vn/thanh-hoa-thanh-tra-hang-tram-cuoc-phat-hien-sai-pham-hon-130-ty.htm
870,42,https://vneconomy.vn/thanh-hoa-thieu-dat-cat.htm
871,42,https://vneconomy.vn/thanh-hoa-thong-qua-loat-nghi-quyet-quan-trong-phan-bo-lai-nguon-luc-tai-chinh.htm
872,42,https://vneconomy.vn/thanh-hoa-thu-hon-16-000-ty-tu-hoat-dong-xuat-nhap-khau.htm
873,42,https://vneconomy.vn/thanh-hoa-thu-ngan-sach-21-295-ty-dong.htm
874,42,https://vneconomy.vn/thanh-hoa-thu-ngan-sach-hon-3-000-ty-dong-tu-dau-tho.htm
875,42,https://vneconomy.vn/thanh-hoa-thu-ngan-sach-tu-dat-can-moc-9-860-ty-dong.htm
876,42,https://vneconomy.vn/thanh-hoa-thu-noi-dia-gan-6-000-ty-trong-2-thang-dau-nam.htm
877,42,https://vneconomy.vn/thanh-hoa-thu-noi-dia-tang-manh.htm
878,42,https://vneconomy.vn/thanh-hoa-thu-thue-hang-hoa-xuat-nhap-khau-dat-hon-2-350-ty-dong.htm
879,42,https://vneconomy.vn/thanh-hoa-thuc-tien-do-du-an-4-200-ty.htm
880,42,https://vneconomy.vn/thanh-hoa-tich-cuc-phan-lo-ban-nen-theo-hinh-thuc-dau-gia-lua-chon-nha-dau-tu.htm
881,42,https://vneconomy.vn/thanh-hoa-tiep-tuc-chan-chinh-hoat-dong-dau-gia-dat.htm
882,42,https://vneconomy.vn/thanh-hoa-tim-cach-go-cho-cac-du-an-trong-diem.htm
883,42,https://vneconomy.vn/thanh-hoa-tim-chu-dau-tu-cho-12-lo-dat-du-thu-gan-1-000-ty-dong.htm
884,42,https://vneconomy.vn/thanh-hoa-tim-giai-phap-ngan-sat-lo-nghiem-trong-tai-song-chu-song-ma.htm
885,42,https://vneconomy.vn/thanh-hoa-tim-nha-dau-tu-cho-du-an-gan-350-ty-dong.htm
886,42,https://vneconomy.vn/thanh-hoa-tim-nha-dau-tu-cho-hai-du-an-bat-dong-san-hon-2-500-ty-dong.htm
887,42,https://vneconomy.vn/thanh-hoa-tim-nhieu-giai-phap-nang-hang-chi-so-doi-moi-sang-tao.htm
888,42,https://vneconomy.vn/thanh-hoa-trien-khai-ho-tro-cong-nghe-cho-doanh-nghiep-nho-va-vua.htm
889,42,https://vneconomy.vn/thanh-hoa-trien-khai-loat-giai-phap-khac-phuc-tinh-trang-thieu-vat-lieu-xay-dung.htm
890,42,https://vneconomy.vn/thanh-hoa-uu-tien-von-dau-tu-cong-phat-trien-4-trung-tam-kinh-te-dong-luc.htm
891,42,https://vneconomy.vn/thanh-hoa-van-hanh-thu-mo-hinh-chinh-quyen-hai-cap-tai-166-xa-phuong.htm
892,42,https://vneconomy.vn/thanh-hoa-xay-tuyen-cap-treo-tai-khu-du-lich-pu-luong-chi-182-ty-phat-trien-du-lich-trong-rung.htm
893,42,https://vneconomy.vn/thanh-hoa-xu-ly-hon-1-000-truong-hop-vi-pham-nong-do-con.htm
894,42,https://vneconomy.vn/thanh-hoa-xu-ly-hon-1-200-vu-gian-lan-thuong-mai.htm
895,42,https://vneconomy.vn/thanh-hoa-xuat-khau-dat-hon-3-9-ty-usd.htm
896,42,https://vneconomy.vn/thanh-hoa-xuat-nhap-khau-khoi-dong-nam-moi-thuan-buom-xuoi-gio.htm
897,42,https://vneconomy.vn/thanh-lap-to-hop-techno-park-viet-nam-nhat-ban-tai-ha-noi.htm
898,42,https://vneconomy.vn/thanh-lap-trung-tam-dich-vu-va-ho-tro-doanh-nghiep-ha-noi.htm
899,42,https://vneconomy.vn/thanh-pho-ho-chi-minh-can-tap-trung-giai-ngan-dau-tu-cong-thuc-day-tang-truong.htm
900,42,https://vneconomy.vn/thanh-pho-ho-chi-minh-phat-trien-do-thi-theo-mo-hinh-da-trung-tam-5-phan-vung.htm
901,42,https://vneconomy.vn/thanh-pho-ho-chi-minh-thi-diem-thanh-lap-trung-tam-phuc-vu-hanh-chinh-cong.htm
902,42,https://vneconomy.vn/thanh-pho-hoa-lu-chinh-thuc-di-vao-hoat-dong.htm
903,42,https://vneconomy.vn/thanh-pho-hue-hon-5-000-lao-dong-duoc-giai-quyet-viec-lam.htm
904,42,https://vneconomy.vn/thanh-pho-hue-tao-hanh-lang-thuan-loi-cho-doanh-nghiep-tu-nhan-phat-trien.htm
905,42,https://vneconomy.vn/thanh-pho-lon-nhat-ca-nuoc-tim-giai-phap-thu-hut-von-fdi.htm
906,42,https://vneconomy.vn/thanh-pho-nho-nhat-ca-nuoc-thu-hon-17-000-ty-tu-du-lich.htm
907,42,https://vneconomy.vn/thanh-pho-tan-uyen-giai-quyet-thu-tuc-hanh-chinh-dung-han-dat-tren-99.htm
908,42,https://vneconomy.vn/thanh-pho-thanh-hoa-sap-dau-gia-35-lo-dat.htm
909,42,https://vneconomy.vn/thanh-pho-vinh-mo-rong-dat-tieu-chi-do-thi-loai-i.htm
910,42,https://vneconomy.vn/thanh-tra-nhieu-du-an-bat-dong-san-tai-quang-nam.htm
911,42,https://vneconomy.vn/thanh-tra-thanh-pho-hai-phong-phat-hien-sai-pham-gan-80ty-dong.htm
912,42,https://vneconomy.vn/thao-diem-nghen-thuc-tien-do-du-an-trong-diem-duong-day-500kv-thanh-hoa-nam-dinh.htm
913,42,https://vneconomy.vn/thao-go-rao-can-tao-be-phong-cho-kinh-te-tu-nhan-phat-trien.htm
914,42,https://vneconomy.vn/the-kho-cua-cac-thuong-vu-viet-nam-tai-nuoc-ngoai.htm
915,42,https://vneconomy.vn/them-5-giam-doc-doanh-nghiep-tai-nghe-an-bi-tam-hoan-xuat-canh.htm
916,42,https://vneconomy.vn/thi-thiet-ke-chuyen-cong-nang-khu-cong-nghiep-bien-hoa-1-thanh-khu-do-thi.htm
917,42,https://vneconomy.vn/thi-truong-bat-dong-san-hai-phong-van-am-ap.htm
918,42,https://vneconomy.vn/thi-truong-thiet-bi-loc-nuoc-con-nhieu-du-dia.htm
919,42,https://vneconomy.vn/thieu-ha-tang-logistics-cang-nghi-son-doi-tau-container-quoc-te.htm
920,42,https://vneconomy.vn/thong-diep-cua-bac-ninh.htm
921,42,https://vneconomy.vn/thong-quan-kieu-moi-o-cac-cua-khau-phia-bac-dien-ra-thuan-loi-nhanh-gon.htm
922,42,https://vneconomy.vn/thong-xe-ky-thuat-cay-cau-nghin-ty-tai-hue.htm
923,42,https://vneconomy.vn/thu-hoi-hon-5-trieu-m2-dat-tu-cong-ty-cao-su-dong-nai.htm
924,42,https://vneconomy.vn/thu-ngan-sach-6-thang-dau-nam-hai-quan-hai-phong-ve-nhi.htm
925,42,https://vneconomy.vn/thu-phu-vai-thieu-mien-bac-giam-50-san-luong.htm
926,42,https://vneconomy.vn/thu-phu-vai-thieu-mien-bac-hua-hen-mua-boi-thu.htm
927,42,https://vneconomy.vn/thu-tuong-chinh-phu-neu-dich-danh-nhieu-du-an-cham-tre-yeu-cau-day-nhanh-tien-do.htm
928,42,https://vneconomy.vn/thu-tuong-de-nghi-tap-doan-thai-binh-duong-tham-gia-xay-dung-cac-du-an-ty-do-tai-viet-nam.htm
929,42,https://vneconomy.vn/thu-tuong-yeu-cau-quan-chat-phong-chay-voi-nha-o-rieng-le-ket-hop-san-xuat-kinh-doanh.htm
930,42,https://vneconomy.vn/thua-thien-hue-dang-tro-thanh-cu-diem-cua-nhieu-tap-doan-lon.htm
931,42,https://vneconomy.vn/thua-thien-hue-dat-muc-tieu-thu-hut-hon-2-000-ty-von-dau-tu-nhung-thang-cuoi-nam.htm
932,42,https://vneconomy.vn/thua-thien-hue-dau-tu-hon-1-678-ty-nang-cap-chong-qua-tai-cang-chan-may.htm
933,42,https://vneconomy.vn/thua-thien-hue-du-kien-trong-nam-2024-quy-hoach-chung-do-thi-chan-may.htm
934,42,https://vneconomy.vn/thua-thien-hue-giai-quyet-viec-lam-cho-gan-4-500-nguoi-lao-dong.htm
935,42,https://vneconomy.vn/thua-thien-hue-ho-tro-dao-tao-nghe-cho-lao-dong-trong-doanh-nghiep-nho-va-vua.htm
936,42,https://vneconomy.vn/thua-thien-hue-khanh-thanh-nha-may-dien-xanh-lon-nhat-mien-trung.htm
937,42,https://vneconomy.vn/thua-thien-hue-khoi-cong-du-an-nha-may-san-xuat-mu-bao-hiem-gan-300-ty.htm
938,42,https://vneconomy.vn/thua-thien-hue-moi-thau-cong-trinh-hon-136-ty.htm
939,42,https://vneconomy.vn/thua-thien-hue-sap-to-chuc-ngay-hoi-viec-lam.htm
940,42,https://vneconomy.vn/thua-thien-hue-sap-trien-khai-du-an-hon-2-000-ty.htm
941,42,https://vneconomy.vn/thua-thien-hue-tao-don-bay-de-lao-dong-mien-nui-di-lam-viec-nuoc-ngoai.htm
942,42,https://vneconomy.vn/thuc-tien-do-dau-tu-ha-tang-cac-khu-cong-nghiep-tai-thanh-hoa.htm
943,42,https://vneconomy.vn/thuong-tet-2025-o-ha-tinh-cao-nhat-186-trieu-dong-thap-nhat-200-nghin-dong.htm
944,42,https://vneconomy.vn/tien-do-du-an-khu-cong-nghiep-trong-diem-cua-binh-thuan-dang-rat-cham.htm
945,42,https://vneconomy.vn/tien-do-giai-ngan-du-an-to-hop-hoa-chat-12-000-ty-dong-tai-nghi-son.htm
946,42,https://vneconomy.vn/tien-do-thuc-hien-5-sieu-du-an-tai-thanh-hoa.htm
947,42,https://vneconomy.vn/tien-do-thuc-hien-cac-du-an-dien-khi-chua-co-nhieu-thay-doi.htm
948,42,https://vneconomy.vn/tieu-chuan-xanh-ho-chieu-moi-cho-doanh-nghiep-chinh-phuc-thi-truong-quoc-te.htm
949,42,https://vneconomy.vn/tim-giai-phap-chap-canh-cho-doanh-nghiep-sme-viet-nam-vuon-ra-bien-lon.htm
950,42,https://vneconomy.vn/tim-giai-phap-han-che-tai-nan-tren-cao-toc-cam-lo-la-son-sau-khi-phan-luong.htm
951,42,https://vneconomy.vn/tim-giai-phap-nang-cao-an-toan-tren-cao-toc-cam-lo-la-son.htm
952,42,https://vneconomy.vn/tim-giai-phap-thuc-day-logistics-giua-lao-cai-va-van-nam-trung-quoc.htm
953,42,https://vneconomy.vn/tim-lo-trinh-hop-ly-nhat-cho-nang-luong-xanh-tai-viet-nam.htm
954,42,https://vneconomy.vn/tim-loi-di-tren-khong-gian-so.htm
955,42,https://vneconomy.vn/tim-phuong-an-kha-di-cho-du-an-6-000-ty-dang-lo-nang.htm
956,42,https://vneconomy.vn/to-cong-tac-dac-biet-cua-ha-noi-tim-giai-phap-go-kho-cho-5-doanh-nghiep.htm
957,42,https://vneconomy.vn/to-cong-tac-dac-biet-cua-ha-noi-tim-kiem-giai-phap-go-kho-cho-hang-loat-du-an.htm
958,42,https://vneconomy.vn/to-cong-tac-dac-biet-ha-noi-ban-giai-phap-go-kho-cho-9-doanh-nghiep.htm
959,42,https://vneconomy.vn/toi-hau-thu-cua-dong-nai-cho-khu-cong-nghiep-bien-hoa-1.htm
960,42,https://vneconomy.vn/tp-hcm-no-luc-ho-tro-tau-cao-toc-di-con-dao-hoat-dong-tro-lai.htm
961,42,https://vneconomy.vn/tp-hcm-se-thu-khoang-190-000-ty-dong-tu-cong-nghiep-khong-khoi-trong-nam-2024.htm
962,42,https://vneconomy.vn/tp-ho-chi-minh-chuong-trinh-ket-noi-ngan-hang-doanh-nghiep-da-giai-ngan-gan-350-000-ty-dong.htm
963,42,https://vneconomy.vn/trien-lam-quoc-te-thuc-pham-va-do-uong-huong-toi-net-zero.htm
964,42,https://vneconomy.vn/triet-pha-duong-day-buon-ban-1-5-tan-phao.htm
965,42,https://vneconomy.vn/triet-pha-duong-day-moc-noi-nhau-lam-gia-ho-so-benh-an-truc-loi-tien-bao-hiem.htm
966,42,https://vneconomy.vn/triet-pha-duong-day-san-xuat-buon-ban-thuc-an-chan-nuoi-gia.htm
967,42,https://vneconomy.vn/triet-pha-duong-day-san-xuat-buon-ban-thuc-pham-bao-ve-suc-khoe-gia.htm
968,42,https://vneconomy.vn/triet-xoa-duong-day-tra-hinh-dau-tu-chung-khoan-lua-dao-hang-tram-ty-dong.htm
969,42,https://vneconomy.vn/trong-quy-i-2024-quang-tri-khong-co-du-an-fdi-dang-ky-dau-tu-moi.htm
970,42,https://vneconomy.vn/trung-quoc-da-mua-hon-9-000-tan-vai-thieu-bac-giang-voi-gia-cao.htm
971,42,https://vneconomy.vn/trung-quoc-siet-kiem-dich-xuat-khau-tai-lao-cai-giam-soc.htm
972,42,https://vneconomy.vn/tu-hao-que-huong-viet-nam.htm
973,42,https://vneconomy.vn/tuan-cuoi-cung-cua-nam-2023-nghe-an-thu-ngan-sach-hon-2-000-ty.htm
974,42,https://vneconomy.vn/ty-le-tai-che-chat-thai-tai-viet-nam-con-thap-chi-khoang-10.htm
975,42,https://vneconomy.vn/ung-pho-sieu-bao-ninh-binh-thanh-hoa-cam-bien.htm
976,42,https://vneconomy.vn/v-green-dat-muc-tieu-xay-dung-500-000-cong-sac-oto-dien.htm
977,42,https://vneconomy.vn/vai-thieu-bac-giang-dat-chat-luong-cao-nhat-tu-truoc-toi-nay.htm
978,42,https://vneconomy.vn/vai-thieu-bac-ninh-hai-phong-but-pha-tren-thi-truong-nong-san-toan-cau.htm
979,42,https://vneconomy.vn/vai-thieu-boi-thu.htm
980,42,https://vneconomy.vn/vai-thieu-san-sang-xuat-ngoai-gia-cao.htm
981,42,https://vneconomy.vn/van-chuyen-can-bo-cong-chuc-di-lam-sau-sap-nhap-doanh-nghiep-san-sang-vao-cuoc.htm
982,42,https://vneconomy.vn/vasi-ceo-summit-2024-tim-giai-phap-but-pha-cho-nganh-cong-nghiep-ho-tro-viet-nam.htm
983,42,https://vneconomy.vn/vat-va-nhu-dien-rac.htm
984,42,https://vneconomy.vn/vi-pham-toc-do-hang-tram-phuong-tien-tai-thanh-hoa-bi-thu-hoi-phu-hieu.htm
985,42,https://vneconomy.vn/vi-sao-20-giam-doc-doanh-nghiep-tai-thanh-hoa-bi-dua-vao-dien-tam-hoan-xuat-canh.htm
986,42,https://vneconomy.vn/vi-sao-cac-hang-bay-lan-luot-roi-cang-hang-khong-tho-xuan.htm
987,42,https://vneconomy.vn/vi-sao-doanh-nghiep-phai-tam-dung-thu-phi-bot-duong-noi-cao-toc-noi-bai-lao-cai.htm
988,42,https://vneconomy.vn/vi-sao-lao-cai-de-xuat-chia-tach-so-giao-thong-van-tai-xay-dung-thanh-2-so.htm
989,42,https://vneconomy.vn/vi-sao-nhieu-phuong-tien-van-tai-cua-doanh-nghiep-viet-bi-luu-giu-tai-trung-quoc.htm
990,42,https://vneconomy.vn/vi-sao-sieu-du-an-58-000-ty-dong-tai-thanh-hoa-phai-huy-thau.htm
991,42,https://vneconomy.vn/viet-nam-co-them-2-thanh-pho-gia-nhap-mang-luoi-thanh-pho-hoc-tap-toan-cau.htm
992,42,https://vneconomy.vn/viet-nam-pakistan-tang-toc-hop-tac-thuong-mai.htm
993,42,https://vneconomy.vn/viet-nam-tang-toc-tren-lo-trinh-chuyen-sang-kinh-te-so-va-xanh.htm
994,42,https://vneconomy.vn/viet-nam-trung-quoc-chinh-thuc-van-hanh-khu-du-lich-thac-bac-gioc-duc-thien.htm
995,42,https://vneconomy.vn/viet-nam-va-eu-se-ban-giai-phap-huong-toi-tuong-lai-xanh-tai-gefe-2024.htm
996,42,https://vneconomy.vn/vietnam-airlines-don-hanh-khach-thu-350-trieu.htm
997,42,https://vneconomy.vn/vietnam-airlines-tang-toc-mo-rong-thi-truong-han-quoc-qua-chuoi-hop-tac-chien-luoc-da-linh-vuc.htm
998,42,https://vneconomy.vn/von-tin-dung-chinh-sach-tiep-suc-hon-4-500-hoc-sinh-ngheo-tai-thanh-hoa-den-truong.htm
999,42,https://vneconomy.vn/vsip-y-tuong-dau-tu-khu-cong-nghiep-500ha-tai-thua-thien-hue.htm
1000,42,https://vneconomy.vn/vu-an-giao-dat-vang-tai-thanh-hoa-cac-bi-cao-khac-phuc-hau-qua-hon-63-ty-dong.htm
1001,42,https://vneconomy.vn/vuot-qua-khu-xe-rao-hai-phong-vuon-len-tam-chau-a.htm
1002,42,https://vneconomy.vn/xa-thai-vuot-quy-chuan-doanh-nghiep-bi-phat-hon-200-trieu-dong.htm
1003,42,https://vneconomy.vn/xac-dinh-gia-cho-1-1-ha-dat-vang-tai-trung-tam-thanh-pho-thanh-hoa.htm
1004,42,https://vneconomy.vn/xay-dung-quang-tri-tro-thanh-trung-tam-nang-luong-sach-cua-mien-trung.htm
1005,42,https://vneconomy.vn/xu-ly-tai-san-cong-doi-du-tai-thanh-hoa-can-bo-so-sai-so-trach-nhiem.htm
1006,42,https://vneconomy.vn/xuat-lo-hang-to-yen-dau-tien-qua-loi-thong-quan-cau-bac-luan-ii-sang-trung-quoc.htm
1007,42,https://vneconomy.vn/xuat-nhap-khau-bien-mau-phia-bac-mat-hang-sau-rieng-van-nhieu-tin-hieu-dang-lo.htm
1008,42,https://vneconomy.vn/xuat-nhap-khau-viet-trung-soi-dong-va-thuan-loi-dip-dau-nam.htm
1009,42,https://vneconomy.vn/xuat-nhap-khau-vung-bien-tang-truong-on-dinh.htm
1010,42,https://vneconomy.vn/yen-bai-tim-nhieu-giai-phap-ho-tro-doanh-nghiep-hoi-phuc-sau-sieu-bao.htm
